LHR,LHR,0.0,0.0,0.0,0.0,0.0,0.0,0.0,0.0,0.0,0.0,0.0,0.0,0.0,0.0,0.0,0.0,0.0,0.0,0.0,0.0,0.0,0.0,0.0,0.0,0.0,0.0,0.0,0.0,0.0,0.0
LHR,CDG,0.0,0.0,0.0,0.0,0.0,94055.4,43780.9,21479.3,0.0,0.0,0.0,5144.6,8972.7,6403.3,0.0,0.0,0.0,8736.5,432644.5,122598.5,0.0,0.0,0.0,73939.4,3351.0,49431.1,0.0,0.0,0.0,0.0
LHR,AMS,0.0,0.0,0.0,0.0,0.0,29907.2,218383.5,5711.5,0.0,0.0,0.0,194794.7,98392.3,9698.2,0.0,0.0,0.0,77617.4,4719.9,9821.4,0.0,0.0,0.0,49525.7,12727.4,17962.9,0.0,0.0,0.0,0.0
LHR,FRA,0.0,0.0,0.0,0.0,0.0,69883.9,109200.5,5350.4,0.0,0.0,0.0,65307.6,11292.9,17111.3,0.0,0.0,0.0,8523.5,4449.8,72749.3,0.0,0.0,0.0,53961.0,13185.9,41064.2,0.0,0.0,0.0,0.0
LHR,MAD,0.0,0.0,0.0,0.0,0.0,26209.6,87017.6,10556.7,0.0,0.0,0.0,38210.7,37067.9,7131.2,0.0,0.0,0.0,2137.5,43895.8,6974.1,0.0,0.0,0.0,110850.3,11981.9,62746.3,0.0,0.0,0.0,0.0
LHR,BCN,0.0,0.0,0.0,0.0,0.0,19939.6,9418.0,1198.3,0.0,0.0,0.0,390.0,430.2,1811.6,0.0,0.0,0.0,10202.9,6243.6,19043.5,0.0,0.0,0.0,11026.7,5486.8,23084.9,0.0,0.0,0.0,0.0
LHR,MUC,0.0,0.0,0.0,0.0,0.0,12687.7,24472.1,2714.9,0.0,0.0,0.0,13685.7,8926.0,13664.6,0.0,0.0,0.0,13494.9,22115.1,4124.3,0.0,0.0,0.0,2944.5,3001.3,4070.3,0.0,0.0,0.0,0.0
LHR,FCO,0.0,0.0,0.0,0.0,0.0,4955.0,23522.4,1152.7,0.0,0.0,0.0,55931.7,8653.6,782.8,0.0,0.0,0.0,7809.8,959.7,4679.3,0.0,0.0,0.0,14289.0,5405.9,30070.8,0.0,0.0,0.0,0.0
LHR,DUB,0.0,0.0,0.0,0.0,0.0,6554.0,14887.7,5034.9,0.0,0.0,0.0,13166.5,4409.6,1943.1,0.0,0.0,0.0,9649.8,3310.6,45932.1,0.0,0.0,0.0,44717.3,30862.0,18331.5,0.0,0.0,0.0,0.0
LHR,ARN,0.0,0.0,0.0,0.0,0.0,14038.0,17158.0,2937.1,0.0,0.0,0.0,564.2,18770.0,960.6,0.0,0.0,0.0,2153.3,992.0,26612.0,0.0,0.0,0.0,6064.1,3081.2,7605.7,0.0,0.0,0.0,0.0
LHR,LIS,0.0,0.0,0.0,0.0,0.0,16458.3,2761.1,1446.6,0.0,0.0,0.0,40169.8,1100.2,4025.8,0.0,0.0,0.0,13013.3,5195.8,18086.9,0.0,0.0,0.0,1857.1,7134.6,2728.6,0.0,0.0,0.0,0.0
LHR,TXL,0.0,0.0,0.0,0.0,0.0,53466.8,9315.5,14593.6,0.0,0.0,0.0,27969.4,37984.1,3423.1,0.0,0.0,0.0,321.1,478.1,15560.8,0.0,0.0,0.0,5612.9,9226.7,71587.9,0.0,0.0,0.0,0.0
LHR,HEL,0.0,0.0,0.0,0.0,0.0,4652.3,17907.8,3869.6,0.0,0.0,0.0,2025.9,30082.8,3655.8,0.0,0.0,0.0,1928.5,55918.3,17730.5,0.0,0.0,0.0,1056.7,6261.7,1391.5,0.0,0.0,0.0,0.0
LHR,WAW,0.0,0.0,0.0,0.0,0.0,603.0,1296.3,2378.3,0.0,0.0,0.0,14361.3,9706.6,12255.9,0.0,0.0,0.0,7132.3,41042.1,5382.9,0.0,0.0,0.0,10731.8,2108.8,12635.7,0.0,0.0,0.0,0.0
LHR,EDI,0.0,0.0,0.0,0.0,0.0,12496.0,30750.9,1282.4,0.0,0.0,0.0,24258.8,13456.3,6728.5,0.0,0.0,0.0,3004.4,28146.6,27.1,0.0,0.0,0.0,7660.6,6631.9,36203.8,0.0,0.0,0.0,0.0
LHR,OTP,0.0,0.0,0.0,0.0,0.0,11287.6,3211.8,2967.8,0.0,0.0,0.0,14866.6,6413.5,6426.6,0.0,0.0,0.0,3312.4,11638.1,19490.8,0.0,0.0,0.0,18431.1,2657.8,3594.5,0.0,0.0,0.0,0.0
LHR,HER,0.0,0.0,0.0,0.0,0.0,15992.4,10674.9,3184.4,0.0,0.0,0.0,4620.3,10628.1,481.3,0.0,0.0,0.0,20964.5,8064.0,20806.6,0.0,0.0,0.0,23099.4,2931.7,4047.2,0.0,0.0,0.0,0.0
LHR,KEF,0.0,0.0,0.0,0.0,0.0,13730.0,5383.7,992.7,0.0,0.0,0.0,110897.2,30320.4,2804.9,0.0,0.0,0.0,7766.9,18583.3,2579.4,0.0,0.0,0.0,50420.2,2833.5,16457.1,0.0,0.0,0.0,0.0
LHR,PMO,0.0,0.0,0.0,0.0,0.0,2454.2,9904.8,722.7,0.0,0.0,0.0,18634.5,16768.5,820.4,0.0,0.0,0.0,5386.6,13188.3,19224.0,0.0,0.0,0.0,18434.8,12337.9,2891.7,0.0,0.0,0.0,0.0
LHR,FNC,0.0,0.0,0.0,0.0,0.0,12245.6,16980.3,1975.2,0.0,0.0,0.0,6380.6,7888.8,1515.1,0.0,0.0,0.0,913.4,16127.1,11161.9,0.0,0.0,0.0,12016.5,6065.1,14776.7,0.0,0.0,0.0,0.0
CDG,LHR,0.0,0.0,0.0,0.0,0.0,81473.1,124040.3,5241.4,0.0,0.0,0.0,23438.0,5738.3,27030.1,0.0,0.0,0.0,21499.7,29302.3,27959.7,0.0,0.0,0.0,10750.8,58023.6,64784.1,0.0,0.0,0.0,0.0
CDG,CDG,0.0,0.0,0.0,0.0,0.0,0.0,0.0,0.0,0.0,0.0,0.0,0.0,0.0,0.0,0.0,0.0,0.0,0.0,0.0,0.0,0.0,0.0,0.0,0.0,0.0,0.0,0.0,0.0,0.0,0.0
CDG,AMS,0.0,0.0,0.0,0.0,0.0,5064.9,488619.8,67792.5,0.0,0.0,0.0,143739.6,115396.7,28377.7,0.0,0.0,0.0,12616.6,4010.3,3099.1,0.0,0.0,0.0,76809.6,14491.8,47397.6,0.0,0.0,0.0,0.0
CDG,FRA,0.0,0.0,0.0,0.0,0.0,37471.6,180428.1,4222.1,0.0,0.0,0.0,36752.6,5961.2,33913.3,0.0,0.0,0.0,3848.7,7628.8,58784.3,0.0,0.0,0.0,24489.5,10488.9,78403.8,0.0,0.0,0.0,0.0
CDG,MAD,0.0,0.0,0.0,0.0,0.0,138731.5,30337.1,7083.7,0.0,0.0,0.0,13514.8,100124.4,570.4,0.0,0.0,0.0,175274.7,102758.5,17720.2,0.0,0.0,0.0,11567.5,20202.7,4575.2,0.0,0.0,0.0,0.0
CDG,BCN,0.0,0.0,0.0,0.0,0.0,8141.5,6754.4,2494.6,0.0,0.0,0.0,25993.4,23227.1,3078.9,0.0,0.0,0.0,13656.2,13161.2,7336.7,0.0,0.0,0.0,11876.5,1661.9,11126.4,0.0,0.0,0.0,0.0
CDG,MUC,0.0,0.0,0.0,0.0,0.0,3515.2,9934.6,6620.5,0.0,0.0,0.0,2968.3,5523.6,7131.1,0.0,0.0,0.0,9558.8,9497.8,8248.9,0.0,0.0,0.0,1821.7,4058.9,2504.0,0.0,0.0,0.0,0.0
CDG,FCO,0.0,0.0,0.0,0.0,0.0,9245.0,16467.6,10072.2,0.0,0.0,0.0,1133.4,5928.8,1173.8,0.0,0.0,0.0,2755.9,7222.1,77238.5,0.0,0.0,0.0,10560.7,2365.4,33843.3,0.0,0.0,0.0,0.0
CDG,DUB,0.0,0.0,0.0,0.0,0.0,24380.4,47629.7,497.5,0.0,0.0,0.0,23236.5,2478.8,2082.9,0.0,0.0,0.0,3201.8,2915.0,276.9,0.0,0.0,0.0,17038.7,1206.5,28449.4,0.0,0.0,0.0,0.0
CDG,ARN,0.0,0.0,0.0,0.0,0.0,1761.6,17264.3,9118.6,0.0,0.0,0.0,2153.5,15095.1,4135.6,0.0,0.0,0.0,2640.1,6960.3,9498.8,0.0,0.0,0.0,39932.7,1854.9,19034.3,0.0,0.0,0.0,0.0
CDG,LIS,0.0,0.0,0.0,0.0,0.0,15285.5,4090.9,4622.1,0.0,0.0,0.0,26606.4,7511.4,4388.0,0.0,0.0,0.0,7589.7,2721.1,2425.3,0.0,0.0,0.0,35912.1,12105.0,24914.7,0.0,0.0,0.0,0.0
CDG,TXL,0.0,0.0,0.0,0.0,0.0,2809.2,22085.2,1878.2,0.0,0.0,0.0,7654.1,48219.1,420.6,0.0,0.0,0.0,464.1,22362.0,40519.9,0.0,0.0,0.0,10778.9,1386.9,21500.9,0.0,0.0,0.0,0.0
CDG,HEL,0.0,0.0,0.0,0.0,0.0,4600.2,5130.4,1923.0,0.0,0.0,0.0,24364.9,17819.0,2378.7,0.0,0.0,0.0,5558.2,4298.3,16670.4,0.0,0.0,0.0,39720.4,1850.1,20757.6,0.0,0.0,0.0,0.0
CDG,WAW,0.0,0.0,0.0,0.0,0.0,4224.7,674.3,2802.3,0.0,0.0,0.0,69899.0,7104.4,3502.3,0.0,0.0,0.0,3460.5,11392.1,3495.2,0.0,0.0,0.0,2425.7,3670.7,17698.8,0.0,0.0,0.0,0.0
CDG,EDI,0.0,0.0,0.0,0.0,0.0,16863.7,20628.9,7543.4,0.0,0.0,0.0,6787.8,9487.3,8322.0,0.0,0.0,0.0,12583.9,17308.8,1103.8,0.0,0.0,0.0,7168.3,7788.5,26324.8,0.0,0.0,0.0,0.0
CDG,OTP,0.0,0.0,0.0,0.0,0.0,13697.5,8679.2,1375.2,0.0,0.0,0.0,8425.1,4050.9,2762.7,0.0,0.0,0.0,15812.3,3216.9,36322.3,0.0,0.0,0.0,8722.4,3508.4,1017.4,0.0,0.0,0.0,0.0
CDG,HER,0.0,0.0,0.0,0.0,0.0,2324.3,24193.2,8933.7,0.0,0.0,0.0,35349.8,5016.9,7557.4,0.0,0.0,0.0,4044.8,2974.1,2580.7,0.0,0.0,0.0,5887.2,1829.4,40647.6,0.0,0.0,0.0,0.0
CDG,KEF,0.0,0.0,0.0,0.0,0.0,830.6,17996.8,8561.2,0.0,0.0,0.0,12921.9,9376.7,5704.1,0.0,0.0,0.0,1203.4,5141.0,6670.8,0.0,0.0,0.0,35108.4,336.5,24101.7,0.0,0.0,0.0,0.0
CDG,PMO,0.0,0.0,0.0,0.0,0.0,4195.3,11561.8,7002.3,0.0,0.0,0.0,19686.2,14338.9,1167.8,0.0,0.0,0.0,15082.3,36587.5,30734.2,0.0,0.0,0.0,11326.3,7605.2,757.1,0.0,0.0,0.0,0.0
CDG,FNC,0.0,0.0,0.0,0.0,0.0,4532.1,4727.8,530.2,0.0,0.0,0.0,33059.6,2082.2,5198.1,0.0,0.0,0.0,7812.9,4147.5,2446.7,0.0,0.0,0.0,42667.8,1792.3,82045.2,0.0,0.0,0.0,0.0
AMS,LHR,0.0,0.0,0.0,0.0,0.0,73055.9,101429.6,5041.2,0.0,0.0,0.0,27023.2,3173.1,4092.5,0.0,0.0,0.0,5227.1,47514.4,11347.9,0.0,0.0,0.0,17841.6,16938.1,96321.3,0.0,0.0,0.0,0.0
AMS,CDG,0.0,0.0,0.0,0.0,0.0,3121.3,47055.5,3635.1,0.0,0.0,0.0,241004.1,234004.0,2805.1,0.0,0.0,0.0,11934.8,50223.6,65388.5,0.0,0.0,0.0,48210.3,19080.8,36599.1,0.0,0.0,0.0,0.0
AMS,AMS,0.0,0.0,0.0,0.0,0.0,0.0,0.0,0.0,0.0,0.0,0.0,0.0,0.0,0.0,0.0,0.0,0.0,0.0,0.0,0.0,0.0,0.0,0.0,0.0,0.0,0.0,0.0,0.0,0.0,0.0
AMS,FRA,0.0,0.0,0.0,0.0,0.0,73748.9,73957.9,34507.0,0.0,0.0,0.0,63858.4,53605.6,10528.1,0.0,0.0,0.0,36434.1,71730.6,11763.9,0.0,0.0,0.0,31741.5,14913.8,35193.7,0.0,0.0,0.0,0.0
AMS,MAD,0.0,0.0,0.0,0.0,0.0,45778.3,29876.8,10267.2,0.0,0.0,0.0,65808.6,64535.3,16035.1,0.0,0.0,0.0,4809.5,3519.0,62065.3,0.0,0.0,0.0,8016.1,34913.1,49352.7,0.0,0.0,0.0,0.0
AMS,BCN,0.0,0.0,0.0,0.0,0.0,1483.6,2494.6,538.8,0.0,0.0,0.0,17138.6,1015.7,268.7,0.0,0.0,0.0,2744.0,83411.4,16088.8,0.0,0.0,0.0,74505.3,1439.7,42488.0,0.0,0.0,0.0,0.0
AMS,MUC,0.0,0.0,0.0,0.0,0.0,2471.5,16603.5,28169.0,0.0,0.0,0.0,4713.9,1331.7,1231.6,0.0,0.0,0.0,4208.6,2767.0,3595.1,0.0,0.0,0.0,23803.6,2490.3,24090.7,0.0,0.0,0.0,0.0
AMS,FCO,0.0,0.0,0.0,0.0,0.0,31278.5,13238.5,2464.2,0.0,0.0,0.0,28284.5,1106.8,2023.9,0.0,0.0,0.0,304.1,8155.8,16771.9,0.0,0.0,0.0,18599.2,3424.2,983.4,0.0,0.0,0.0,0.0
AMS,DUB,0.0,0.0,0.0,0.0,0.0,36876.2,1874.7,367.2,0.0,0.0,0.0,100065.2,3486.0,5899.9,0.0,0.0,0.0,752.4,8618.1,9352.5,0.0,0.0,0.0,23122.2,2045.3,64942.8,0.0,0.0,0.0,0.0
AMS,ARN,0.0,0.0,0.0,0.0,0.0,37771.7,9220.6,11314.2,0.0,0.0,0.0,20375.2,10016.0,11053.9,0.0,0.0,0.0,1916.7,8261.5,6004.7,0.0,0.0,0.0,18076.0,14068.7,3376.8,0.0,0.0,0.0,0.0
AMS,LIS,0.0,0.0,0.0,0.0,0.0,6505.4,5127.5,2039.9,0.0,0.0,0.0,23580.2,20926.2,1190.8,0.0,0.0,0.0,1042.6,676.7,36662.2,0.0,0.0,0.0,23161.0,10722.2,20896.8,0.0,0.0,0.0,0.0
AMS,TXL,0.0,0.0,0.0,0.0,0.0,16901.3,37791.1,2888.1,0.0,0.0,0.0,8954.3,20036.2,1300.0,0.0,0.0,0.0,194.3,5381.3,12546.5,0.0,0.0,0.0,5204.4,9907.6,29116.7,0.0,0.0,0.0,0.0
AMS,HEL,0.0,0.0,0.0,0.0,0.0,1659.5,34654.5,1548.2,0.0,0.0,0.0,92917.8,52767.9,10199.1,0.0,0.0,0.0,10501.9,9861.0,70657.4,0.0,0.0,0.0,6066.9,2556.6,8611.3,0.0,0.0,0.0,0.0
AMS,WAW,0.0,0.0,0.0,0.0,0.0,4881.6,24537.7,8506.6,0.0,0.0,0.0,30166.3,1250.5,639.0,0.0,0.0,0.0,6686.7,13516.5,1734.2,0.0,0.0,0.0,16655.5,1474.8,20522.3,0.0,0.0,0.0,0.0
AMS,EDI,0.0,0.0,0.0,0.0,0.0,29003.8,2274.7,11693.2,0.0,0.0,0.0,9745.5,6900.1,1078.4,0.0,0.0,0.0,6768.5,3383.8,3215.7,0.0,0.0,0.0,15570.5,5071.8,59617.7,0.0,0.0,0.0,0.0
AMS,OTP,0.0,0.0,0.0,0.0,0.0,14431.4,39876.0,2419.7,0.0,0.0,0.0,26365.1,5701.8,3471.3,0.0,0.0,0.0,4523.4,20297.3,21041.6,0.0,0.0,0.0,12298.6,10574.9,5889.3,0.0,0.0,0.0,0.0
AMS,HER,0.0,0.0,0.0,0.0,0.0,8536.4,11645.3,754.7,0.0,0.0,0.0,719.8,6727.3,1591.2,0.0,0.0,0.0,7524.7,9941.8,76152.7,0.0,0.0,0.0,17785.4,2636.7,6891.9,0.0,0.0,0.0,0.0
AMS,KEF,0.0,0.0,0.0,0.0,0.0,5556.5,2800.8,3332.8,0.0,0.0,0.0,17627.2,8008.7,1025.3,0.0,0.0,0.0,1174.2,10331.8,22561.2,0.0,0.0,0.0,13023.1,3380.4,7345.8,0.0,0.0,0.0,0.0
AMS,PMO,0.0,0.0,0.0,0.0,0.0,2865.0,4196.8,10796.9,0.0,0.0,0.0,7437.4,5805.2,3039.8,0.0,0.0,0.0,6224.0,10969.1,11383.5,0.0,0.0,0.0,18703.4,1984.3,49189.9,0.0,0.0,0.0,0.0
AMS,FNC,0.0,0.0,0.0,0.0,0.0,106320.9,15733.2,7021.4,0.0,0.0,0.0,1353.0,6398.3,2758.8,0.0,0.0,0.0,1183.8,2235.2,22282.3,0.0,0.0,0.0,8805.2,2098.9,53980.2,0.0,0.0,0.0,0.0
FRA,LHR,0.0,0.0,0.0,0.0,0.0,63849.9,47159.7,15601.3,0.0,0.0,0.0,29075.6,19790.6,18972.1,0.0,0.0,0.0,12156.7,3076.8,17941.9,0.0,0.0,0.0,58.9,638.1,12913.9,0.0,0.0,0.0,0.0
FRA,CDG,0.0,0.0,0.0,0.0,0.0,9390.7,11451.5,4040.6,0.0,0.0,0.0,44959.3,21113.1,2984.1,0.0,0.0,0.0,12835.2,22419.7,33902.6,0.0,0.0,0.0,184449.3,26282.1,66098.3,0.0,0.0,0.0,0.0
FRA,AMS,0.0,0.0,0.0,0.0,0.0,4960.5,1038.2,30566.9,0.0,0.0,0.0,111874.2,44776.7,1595.4,0.0,0.0,0.0,18235.5,22412.4,1106.9,0.0,0.0,0.0,16831.8,48993.1,99092.4,0.0,0.0,0.0,0.0
FRA,FRA,0.0,0.0,0.0,0.0,0.0,0.0,0.0,0.0,0.0,0.0,0.0,0.0,0.0,0.0,0.0,0.0,0.0,0.0,0.0,0.0,0.0,0.0,0.0,0.0,0.0,0.0,0.0,0.0,0.0,0.0
FRA,MAD,0.0,0.0,0.0,0.0,0.0,173053.9,15937.8,14083.7,0.0,0.0,0.0,20872.8,62794.3,23117.3,0.0,0.0,0.0,10138.7,21622.4,38894.7,0.0,0.0,0.0,6499.6,14542.2,43598.8,0.0,0.0,0.0,0.0
FRA,BCN,0.0,0.0,0.0,0.0,0.0,21043.4,13334.3,9631.6,0.0,0.0,0.0,9.4,4650.6,2255.6,0.0,0.0,0.0,5030.3,7419.7,8333.4,0.0,0.0,0.0,39617.5,10765.3,14804.7,0.0,0.0,0.0,0.0
FRA,MUC,0.0,0.0,0.0,0.0,0.0,45761.8,38590.7,1983.0,0.0,0.0,0.0,555.0,1438.2,5775.8,0.0,0.0,0.0,14934.8,14812.8,30088.9,0.0,0.0,0.0,15890.3,151.4,9519.7,0.0,0.0,0.0,0.0
FRA,FCO,0.0,0.0,0.0,0.0,0.0,8611.7,10276.7,2749.9,0.0,0.0,0.0,4843.4,22108.9,1645.7,0.0,0.0,0.0,14963.2,4704.1,9890.0,0.0,0.0,0.0,6991.9,1456.9,8476.6,0.0,0.0,0.0,0.0
FRA,DUB,0.0,0.0,0.0,0.0,0.0,5788.0,24122.3,6366.0,0.0,0.0,0.0,5594.6,18837.2,1944.6,0.0,0.0,0.0,11946.4,8417.2,4289.6,0.0,0.0,0.0,9517.4,10340.0,5875.4,0.0,0.0,0.0,0.0
FRA,ARN,0.0,0.0,0.0,0.0,0.0,7051.8,40615.3,5367.7,0.0,0.0,0.0,11347.7,4657.5,4706.3,0.0,0.0,0.0,2411.9,7054.5,7026.9,0.0,0.0,0.0,29892.7,18004.0,1494.7,0.0,0.0,0.0,0.0
FRA,LIS,0.0,0.0,0.0,0.0,0.0,6169.1,10019.0,8233.9,0.0,0.0,0.0,17296.6,41097.8,4083.6,0.0,0.0,0.0,1897.4,12926.0,14128.9,0.0,0.0,0.0,5072.8,11966.6,757.5,0.0,0.0,0.0,0.0
FRA,TXL,0.0,0.0,0.0,0.0,0.0,190109.9,1953.5,6913.4,0.0,0.0,0.0,8403.1,45118.6,13636.4,0.0,0.0,0.0,12068.3,13614.2,10036.4,0.0,0.0,0.0,16511.9,6546.9,2014.7,0.0,0.0,0.0,0.0
FRA,HEL,0.0,0.0,0.0,0.0,0.0,2936.7,6818.2,1642.9,0.0,0.0,0.0,658.6,21520.1,2194.0,0.0,0.0,0.0,7044.3,4362.2,1007.7,0.0,0.0,0.0,5911.1,9716.8,9011.6,0.0,0.0,0.0,0.0
FRA,WAW,0.0,0.0,0.0,0.0,0.0,6979.3,11020.9,1366.8,0.0,0.0,0.0,8155.3,12556.1,4320.7,0.0,0.0,0.0,3929.1,7946.1,56426.4,0.0,0.0,0.0,14605.3,2773.2,7577.2,0.0,0.0,0.0,0.0
FRA,EDI,0.0,0.0,0.0,0.0,0.0,18937.1,40538.3,1371.1,0.0,0.0,0.0,34576.4,7214.1,1904.1,0.0,0.0,0.0,458.0,579.6,6564.1,0.0,0.0,0.0,11624.9,1254.9,4906.4,0.0,0.0,0.0,0.0
FRA,OTP,0.0,0.0,0.0,0.0,0.0,586.2,121751.6,1556.9,0.0,0.0,0.0,14922.5,6410.6,15786.6,0.0,0.0,0.0,16504.1,9298.2,44010.1,0.0,0.0,0.0,495.3,261.1,1225.1,0.0,0.0,0.0,0.0
FRA,HER,0.0,0.0,0.0,0.0,0.0,800.2,3511.8,1157.1,0.0,0.0,0.0,27422.2,21187.7,5656.3,0.0,0.0,0.0,529.2,513.4,17752.6,0.0,0.0,0.0,72351.4,3723.0,90805.2,0.0,0.0,0.0,0.0
FRA,KEF,0.0,0.0,0.0,0.0,0.0,29130.0,15868.0,1238.6,0.0,0.0,0.0,5183.5,46646.5,668.0,0.0,0.0,0.0,1294.7,5583.4,2877.1,0.0,0.0,0.0,19810.4,9407.2,11783.1,0.0,0.0,0.0,0.0
FRA,PMO,0.0,0.0,0.0,0.0,0.0,3785.2,22080.4,4881.6,0.0,0.0,0.0,7923.8,3706.5,4279.3,0.0,0.0,0.0,3215.5,4480.1,54082.7,0.0,0.0,0.0,64849.1,15897.3,70555.9,0.0,0.0,0.0,0.0
FRA,FNC,0.0,0.0,0.0,0.0,0.0,4379.4,32456.7,3798.8,0.0,0.0,0.0,10206.3,3000.1,5057.0,0.0,0.0,0.0,19080.2,5171.6,15669.4,0.0,0.0,0.0,1442.9,11983.4,48118.0,0.0,0.0,0.0,0.0
MAD,LHR,0.0,0.0,0.0,0.0,0.0,5381.4,74185.0,3660.4,0.0,0.0,0.0,35558.8,64300.7,9779.1,0.0,0.0,0.0,22863.9,13456.6,22225.0,0.0,0.0,0.0,23336.9,4529.1,52899.7,0.0,0.0,0.0,0.0
MAD,CDG,0.0,0.0,0.0,0.0,0.0,37612.5,65251.6,9588.2,0.0,0.0,0.0,20748.0,27862.4,9202.7,0.0,0.0,0.0,9187.4,24922.0,35376.0,0.0,0.0,0.0,16825.5,12274.9,65708.4,0.0,0.0,0.0,0.0
MAD,AMS,0.0,0.0,0.0,0.0,0.0,36810.3,2623.5,250.4,0.0,0.0,0.0,6119.3,11254.3,1057.5,0.0,0.0,0.0,8035.4,17287.3,97799.6,0.0,0.0,0.0,139720.7,29034.8,26197.6,0.0,0.0,0.0,0.0
MAD,FRA,0.0,0.0,0.0,0.0,0.0,124332.0,48275.9,12131.6,0.0,0.0,0.0,250.7,8401.2,5466.0,0.0,0.0,0.0,27320.7,20138.5,20571.2,0.0,0.0,0.0,5834.5,23470.8,56632.4,0.0,0.0,0.0,0.0
MAD,MAD,0.0,0.0,0.0,0.0,0.0,0.0,0.0,0.0,0.0,0.0,0.0,0.0,0.0,0.0,0.0,0.0,0.0,0.0,0.0,0.0,0.0,0.0,0.0,0.0,0.0,0.0,0.0,0.0,0.0,0.0
MAD,BCN,0.0,0.0,0.0,0.0,0.0,25077.6,43877.2,5981.7,0.0,0.0,0.0,6326.1,11422.4,535.2,0.0,0.0,0.0,229.3,9367.4,8924.3,0.0,0.0,0.0,2813.6,4943.0,11637.5,0.0,0.0,0.0,0.0
MAD,MUC,0.0,0.0,0.0,0.0,0.0,341.3,17255.0,5123.0,0.0,0.0,0.0,4116.8,15637.4,5028.5,0.0,0.0,0.0,7790.5,28631.8,11462.0,0.0,0.0,0.0,13022.9,2033.1,40371.9,0.0,0.0,0.0,0.0
MAD,FCO,0.0,0.0,0.0,0.0,0.0,2668.7,76392.7,6670.9,0.0,0.0,0.0,22538.4,13267.4,2415.4,0.0,0.0,0.0,4995.1,10236.9,32986.3,0.0,0.0,0.0,8771.2,601.1,5652.5,0.0,0.0,0.0,0.0
MAD,DUB,0.0,0.0,0.0,0.0,0.0,38187.7,3976.5,10037.8,0.0,0.0,0.0,59344.5,29935.9,750.4,0.0,0.0,0.0,10255.3,5325.7,16790.4,0.0,0.0,0.0,13132.6,3232.3,1162.7,0.0,0.0,0.0,0.0
MAD,ARN,0.0,0.0,0.0,0.0,0.0,17824.4,4845.0,1704.8,0.0,0.0,0.0,36185.2,55946.8,1881.1,0.0,0.0,0.0,4131.2,28351.4,42666.5,0.0,0.0,0.0,3082.2,5134.2,5081.0,0.0,0.0,0.0,0.0
MAD,LIS,0.0,0.0,0.0,0.0,0.0,20020.2,104059.9,1774.3,0.0,0.0,0.0,784.9,18718.7,4190.8,0.0,0.0,0.0,1608.1,1219.5,18632.8,0.0,0.0,0.0,1840.6,1125.7,24101.1,0.0,0.0,0.0,0.0
MAD,TXL,0.0,0.0,0.0,0.0,0.0,17741.2,28179.9,9260.5,0.0,0.0,0.0,16796.6,5360.5,5274.0,0.0,0.0,0.0,53.5,30716.2,28464.0,0.0,0.0,0.0,10459.6,538.3,4803.7,0.0,0.0,0.0,0.0
MAD,HEL,0.0,0.0,0.0,0.0,0.0,29010.8,393.1,1416.5,0.0,0.0,0.0,33860.2,10116.8,5740.1,0.0,0.0,0.0,7699.5,13679.3,2905.5,0.0,0.0,0.0,76022.9,10403.4,23233.9,0.0,0.0,0.0,0.0
MAD,WAW,0.0,0.0,0.0,0.0,0.0,13518.3,14024.6,1322.9,0.0,0.0,0.0,12780.4,12041.7,1544.2,0.0,0.0,0.0,8054.3,3046.8,3371.9,0.0,0.0,0.0,31888.0,12822.5,27650.4,0.0,0.0,0.0,0.0
MAD,EDI,0.0,0.0,0.0,0.0,0.0,3507.1,7722.9,3307.1,0.0,0.0,0.0,7587.1,30087.5,5001.0,0.0,0.0,0.0,1635.7,8200.3,9541.0,0.0,0.0,0.0,17521.1,10001.0,4211.8,0.0,0.0,0.0,0.0
MAD,OTP,0.0,0.0,0.0,0.0,0.0,4524.0,4944.8,11570.5,0.0,0.0,0.0,64.1,7150.2,4250.2,0.0,0.0,0.0,2292.6,24700.8,101399.8,0.0,0.0,0.0,1251.8,4343.6,18633.9,0.0,0.0,0.0,0.0
MAD,HER,0.0,0.0,0.0,0.0,0.0,94943.7,25790.8,4185.5,0.0,0.0,0.0,1134.0,2876.4,1307.7,0.0,0.0,0.0,3326.5,2210.2,7923.6,0.0,0.0,0.0,2667.2,26288.3,98120.3,0.0,0.0,0.0,0.0
MAD,KEF,0.0,0.0,0.0,0.0,0.0,5651.2,60600.1,3230.8,0.0,0.0,0.0,4183.7,6837.0,3155.4,0.0,0.0,0.0,6538.8,6965.9,8040.5,0.0,0.0,0.0,2476.5,788.0,14963.9,0.0,0.0,0.0,0.0
MAD,PMO,0.0,0.0,0.0,0.0,0.0,49613.2,17542.1,5818.8,0.0,0.0,0.0,29584.5,10068.4,1873.8,0.0,0.0,0.0,1099.4,14597.3,8946.1,0.0,0.0,0.0,19134.4,108.5,6697.5,0.0,0.0,0.0,0.0
MAD,FNC,0.0,0.0,0.0,0.0,0.0,5113.0,23350.9,4714.6,0.0,0.0,0.0,12388.2,17810.0,7276.8,0.0,0.0,0.0,174846.0,13398.7,8568.3,0.0,0.0,0.0,5537.5,5139.1,16448.3,0.0,0.0,0.0,0.0
BCN,LHR,0.0,0.0,0.0,0.0,0.0,65724.9,34491.8,1923.8,0.0,0.0,0.0,70475.3,22326.0,3352.1,0.0,0.0,0.0,1876.1,4769.2,23872.1,0.0,0.0,0.0,22833.6,9270.9,945.9,0.0,0.0,0.0,0.0
BCN,CDG,0.0,0.0,0.0,0.0,0.0,10656.8,746.6,6937.0,0.0,0.0,0.0,3660.0,8322.3,6945.8,0.0,0.0,0.0,2434.4,9745.7,74048.2,0.0,0.0,0.0,25762.1,3850.9,7010.2,0.0,0.0,0.0,0.0
BCN,AMS,0.0,0.0,0.0,0.0,0.0,28406.5,15816.9,113.1,0.0,0.0,0.0,28341.3,7893.4,15687.2,0.0,0.0,0.0,4360.3,9514.0,17308.4,0.0,0.0,0.0,1067.3,2091.1,16038.2,0.0,0.0,0.0,0.0
BCN,FRA,0.0,0.0,0.0,0.0,0.0,33190.1,10421.7,422.7,0.0,0.0,0.0,11248.9,58469.5,105.8,0.0,0.0,0.0,10835.4,56389.5,15654.1,0.0,0.0,0.0,5375.8,22097.6,19905.1,0.0,0.0,0.0,0.0
BCN,MAD,0.0,0.0,0.0,0.0,0.0,469.9,26346.5,5745.9,0.0,0.0,0.0,9063.7,12283.5,6020.2,0.0,0.0,0.0,13282.1,11372.8,855.5,0.0,0.0,0.0,2878.5,5489.3,60379.7,0.0,0.0,0.0,0.0
BCN,BCN,0.0,0.0,0.0,0.0,0.0,0.0,0.0,0.0,0.0,0.0,0.0,0.0,0.0,0.0,0.0,0.0,0.0,0.0,0.0,0.0,0.0,0.0,0.0,0.0,0.0,0.0,0.0,0.0,0.0,0.0
BCN,MUC,0.0,0.0,0.0,0.0,0.0,381.5,15724.5,2718.9,0.0,0.0,0.0,5941.2,9603.6,2826.7,0.0,0.0,0.0,9432.6,5814.9,7648.2,0.0,0.0,0.0,9740.9,3395.3,99733.3,0.0,0.0,0.0,0.0
BCN,FCO,0.0,0.0,0.0,0.0,0.0,6992.2,18738.6,4711.3,0.0,0.0,0.0,29294.8,5602.0,5799.1,0.0,0.0,0.0,370.8,4772.6,73846.9,0.0,0.0,0.0,16154.7,2644.7,16317.8,0.0,0.0,0.0,0.0
BCN,DUB,0.0,0.0,0.0,0.0,0.0,8858.7,1055.1,3649.4,0.0,0.0,0.0,5884.5,11467.8,979.4,0.0,0.0,0.0,1761.4,2573.1,18066.8,0.0,0.0,0.0,45109.3,10173.3,25079.3,0.0,0.0,0.0,0.0
BCN,ARN,0.0,0.0,0.0,0.0,0.0,7615.1,14353.3,3102.9,0.0,0.0,0.0,18402.3,3129.7,3933.9,0.0,0.0,0.0,875.2,5320.4,5614.6,0.0,0.0,0.0,8173.2,3785.4,12037.4,0.0,0.0,0.0,0.0
BCN,LIS,0.0,0.0,0.0,0.0,0.0,4242.9,11771.7,7343.4,0.0,0.0,0.0,15022.3,30512.5,4878.7,0.0,0.0,0.0,32809.8,4019.3,1694.0,0.0,0.0,0.0,8081.3,10614.5,22033.9,0.0,0.0,0.0,0.0
BCN,TXL,0.0,0.0,0.0,0.0,0.0,62136.5,7610.1,2810.1,0.0,0.0,0.0,29399.4,10675.8,1821.5,0.0,0.0,0.0,5395.1,13999.1,8387.9,0.0,0.0,0.0,19152.0,5176.8,9787.4,0.0,0.0,0.0,0.0
BCN,HEL,0.0,0.0,0.0,0.0,0.0,12527.2,30137.5,883.1,0.0,0.0,0.0,11844.6,7411.1,1891.2,0.0,0.0,0.0,2193.1,12439.4,7846.1,0.0,0.0,0.0,6206.5,6500.9,704.7,0.0,0.0,0.0,0.0
BCN,WAW,0.0,0.0,0.0,0.0,0.0,8040.0,15746.0,3906.1,0.0,0.0,0.0,43481.2,23920.9,1294.0,0.0,0.0,0.0,3834.1,1104.3,84641.7,0.0,0.0,0.0,3515.0,4569.3,17632.4,0.0,0.0,0.0,0.0
BCN,EDI,0.0,0.0,0.0,0.0,0.0,8249.0,19890.7,3044.1,0.0,0.0,0.0,15180.7,17838.8,28016.5,0.0,0.0,0.0,6495.0,739.2,79482.5,0.0,0.0,0.0,13890.0,11850.1,49774.5,0.0,0.0,0.0,0.0
BCN,OTP,0.0,0.0,0.0,0.0,0.0,60052.3,58772.8,182.9,0.0,0.0,0.0,5858.6,8106.9,194.8,0.0,0.0,0.0,4996.1,16533.6,13065.7,0.0,0.0,0.0,2639.9,853.5,58738.4,0.0,0.0,0.0,0.0
BCN,HER,0.0,0.0,0.0,0.0,0.0,57762.6,8428.7,3399.9,0.0,0.0,0.0,13370.0,33612.6,2229.9,0.0,0.0,0.0,172.0,20186.6,9403.8,0.0,0.0,0.0,5807.8,3693.8,1782.0,0.0,0.0,0.0,0.0
BCN,KEF,0.0,0.0,0.0,0.0,0.0,3549.0,6246.5,6446.7,0.0,0.0,0.0,12398.2,3036.3,347.9,0.0,0.0,0.0,12386.8,10212.1,10828.5,0.0,0.0,0.0,14726.7,1673.7,14316.5,0.0,0.0,0.0,0.0
BCN,PMO,0.0,0.0,0.0,0.0,0.0,13993.4,18144.5,5639.6,0.0,0.0,0.0,2535.8,732.1,8375.6,0.0,0.0,0.0,4023.0,5631.1,18091.4,0.0,0.0,0.0,5593.5,2124.3,71691.1,0.0,0.0,0.0,0.0
BCN,FNC,0.0,0.0,0.0,0.0,0.0,6485.6,1699.5,18105.0,0.0,0.0,0.0,52648.5,5311.2,1575.7,0.0,0.0,0.0,26014.0,8926.3,20065.7,0.0,0.0,0.0,19942.6,468.7,19708.1,0.0,0.0,0.0,0.0
MUC,LHR,0.0,0.0,0.0,0.0,0.0,21403.1,8749.1,1208.9,0.0,0.0,0.0,6426.7,6741.9,6007.0,0.0,0.0,0.0,5167.4,4050.5,35878.6,0.0,0.0,0.0,11591.1,303.8,12932.5,0.0,0.0,0.0,0.0
MUC,CDG,0.0,0.0,0.0,0.0,0.0,13865.1,2947.7,2150.2,0.0,0.0,0.0,27388.4,1698.0,4644.1,0.0,0.0,0.0,12036.4,3954.3,12964.7,0.0,0.0,0.0,36339.8,10286.9,24146.3,0.0,0.0,0.0,0.0
MUC,AMS,0.0,0.0,0.0,0.0,0.0,7585.1,7830.9,245.1,0.0,0.0,0.0,31228.8,7837.4,4370.2,0.0,0.0,0.0,2250.5,17688.3,13166.2,0.0,0.0,0.0,27898.7,10064.9,6597.5,0.0,0.0,0.0,0.0
MUC,FRA,0.0,0.0,0.0,0.0,0.0,22008.5,44731.1,10026.3,0.0,0.0,0.0,22543.8,27130.1,579.2,0.0,0.0,0.0,4061.9,62246.9,10324.2,0.0,0.0,0.0,50881.1,3598.7,6862.3,0.0,0.0,0.0,0.0
MUC,MAD,0.0,0.0,0.0,0.0,0.0,3172.7,12909.5,1028.4,0.0,0.0,0.0,59723.5,9958.4,891.5,0.0,0.0,0.0,10472.9,1906.3,3814.3,0.0,0.0,0.0,118409.5,8144.2,1143.9,0.0,0.0,0.0,0.0
MUC,BCN,0.0,0.0,0.0,0.0,0.0,5919.4,7152.4,7437.1,0.0,0.0,0.0,13486.3,1096.8,20027.6,0.0,0.0,0.0,8786.9,7479.8,26874.8,0.0,0.0,0.0,20236.9,2103.8,53872.8,0.0,0.0,0.0,0.0
MUC,MUC,0.0,0.0,0.0,0.0,0.0,0.0,0.0,0.0,0.0,0.0,0.0,0.0,0.0,0.0,0.0,0.0,0.0,0.0,0.0,0.0,0.0,0.0,0.0,0.0,0.0,0.0,0.0,0.0,0.0,0.0
MUC,FCO,0.0,0.0,0.0,0.0,0.0,22185.6,12584.5,2352.3,0.0,0.0,0.0,52649.1,8460.0,13121.4,0.0,0.0,0.0,5472.7,493.3,41359.4,0.0,0.0,0.0,2586.2,2551.4,4045.9,0.0,0.0,0.0,0.0
MUC,DUB,0.0,0.0,0.0,0.0,0.0,7047.7,57.1,19843.2,0.0,0.0,0.0,14541.2,9399.8,4540.9,0.0,0.0,0.0,7160.1,13682.6,27587.0,0.0,0.0,0.0,21492.4,10388.1,5236.6,0.0,0.0,0.0,0.0
MUC,ARN,0.0,0.0,0.0,0.0,0.0,18328.7,4602.9,513.1,0.0,0.0,0.0,30731.4,179.6,6149.0,0.0,0.0,0.0,2474.4,10260.5,37032.5,0.0,0.0,0.0,64658.9,1119.0,5062.6,0.0,0.0,0.0,0.0
MUC,LIS,0.0,0.0,0.0,0.0,0.0,53509.9,17504.0,6305.6,0.0,0.0,0.0,5214.3,43187.6,8168.5,0.0,0.0,0.0,3220.7,2851.3,85338.8,0.0,0.0,0.0,6109.3,1220.1,1404.9,0.0,0.0,0.0,0.0
MUC,TXL,0.0,0.0,0.0,0.0,0.0,82732.6,11321.6,68.2,0.0,0.0,0.0,93461.9,5322.1,4618.6,0.0,0.0,0.0,715.0,5719.5,17569.4,0.0,0.0,0.0,29174.8,474.7,6893.4,0.0,0.0,0.0,0.0
MUC,HEL,0.0,0.0,0.0,0.0,0.0,16641.5,1078.6,1973.2,0.0,0.0,0.0,47100.3,276.1,5451.2,0.0,0.0,0.0,152.2,32830.4,379944.4,0.0,0.0,0.0,25289.0,209.6,46136.4,0.0,0.0,0.0,0.0
MUC,WAW,0.0,0.0,0.0,0.0,0.0,27854.1,108405.7,132.0,0.0,0.0,0.0,4090.6,7678.9,2576.3,0.0,0.0,0.0,8224.1,321.4,24455.7,0.0,0.0,0.0,57784.2,1782.5,22907.8,0.0,0.0,0.0,0.0
MUC,EDI,0.0,0.0,0.0,0.0,0.0,31823.8,440.3,1659.7,0.0,0.0,0.0,56310.0,9444.4,194.8,0.0,0.0,0.0,6626.1,14317.4,43698.7,0.0,0.0,0.0,1088.6,1127.6,12435.5,0.0,0.0,0.0,0.0
MUC,OTP,0.0,0.0,0.0,0.0,0.0,36051.3,23462.5,230.0,0.0,0.0,0.0,849.1,7671.7,249.9,0.0,0.0,0.0,1284.2,1316.5,8110.0,0.0,0.0,0.0,47887.6,7635.7,15699.2,0.0,0.0,0.0,0.0
MUC,HER,0.0,0.0,0.0,0.0,0.0,1847.7,9183.4,4087.7,0.0,0.0,0.0,19407.1,3333.2,4988.0,0.0,0.0,0.0,5661.5,6701.1,63940.5,0.0,0.0,0.0,17291.7,1028.2,12653.0,0.0,0.0,0.0,0.0
MUC,KEF,0.0,0.0,0.0,0.0,0.0,2277.4,3966.6,3042.7,0.0,0.0,0.0,45167.2,1248.9,10335.2,0.0,0.0,0.0,1319.0,10289.5,41086.4,0.0,0.0,0.0,1737.6,37020.0,21013.4,0.0,0.0,0.0,0.0
MUC,PMO,0.0,0.0,0.0,0.0,0.0,51964.9,7754.3,571.3,0.0,0.0,0.0,3518.0,7878.5,16906.0,0.0,0.0,0.0,5260.2,20297.2,8830.7,0.0,0.0,0.0,16462.6,13590.8,12487.9,0.0,0.0,0.0,0.0
MUC,FNC,0.0,0.0,0.0,0.0,0.0,309.5,31330.2,9017.4,0.0,0.0,0.0,8256.4,4562.6,518.1,0.0,0.0,0.0,34041.9,2133.5,22763.7,0.0,0.0,0.0,1640.6,2930.8,24019.7,0.0,0.0,0.0,0.0
FCO,LHR,0.0,0.0,0.0,0.0,0.0,11256.6,13779.3,9501.7,0.0,0.0,0.0,22835.9,27787.8,228.8,0.0,0.0,0.0,10677.8,1318.8,1444.4,0.0,0.0,0.0,18545.7,1101.7,8931.1,0.0,0.0,0.0,0.0
FCO,CDG,0.0,0.0,0.0,0.0,0.0,46958.6,45122.8,14309.7,0.0,0.0,0.0,7228.4,6281.2,1628.2,0.0,0.0,0.0,11332.6,5339.2,13312.9,0.0,0.0,0.0,19796.5,2380.0,2593.1,0.0,0.0,0.0,0.0
FCO,AMS,0.0,0.0,0.0,0.0,0.0,5598.6,8708.2,2903.8,0.0,0.0,0.0,78178.1,12962.8,864.6,0.0,0.0,0.0,1053.7,1611.2,1046.2,0.0,0.0,0.0,25983.0,6685.3,62360.5,0.0,0.0,0.0,0.0
FCO,FRA,0.0,0.0,0.0,0.0,0.0,49732.1,37331.2,3068.2,0.0,0.0,0.0,16395.1,4691.7,9014.3,0.0,0.0,0.0,2912.0,7337.2,964.7,0.0,0.0,0.0,15889.5,3894.8,15379.4,0.0,0.0,0.0,0.0
FCO,MAD,0.0,0.0,0.0,0.0,0.0,16053.6,11458.1,8410.1,0.0,0.0,0.0,1116.4,17813.8,3597.1,0.0,0.0,0.0,1489.5,20356.4,14393.6,0.0,0.0,0.0,9807.3,3919.4,7645.3,0.0,0.0,0.0,0.0
FCO,BCN,0.0,0.0,0.0,0.0,0.0,17095.8,59888.2,10096.5,0.0,0.0,0.0,1708.2,61331.3,7232.8,0.0,0.0,0.0,9158.0,13650.4,476.3,0.0,0.0,0.0,577.8,1142.7,673.7,0.0,0.0,0.0,0.0
FCO,MUC,0.0,0.0,0.0,0.0,0.0,12139.8,37273.6,776.2,0.0,0.0,0.0,25299.8,32268.7,2221.0,0.0,0.0,0.0,921.1,15284.1,58723.0,0.0,0.0,0.0,3226.4,18087.6,1643.6,0.0,0.0,0.0,0.0
FCO,FCO,0.0,0.0,0.0,0.0,0.0,0.0,0.0,0.0,0.0,0.0,0.0,0.0,0.0,0.0,0.0,0.0,0.0,0.0,0.0,0.0,0.0,0.0,0.0,0.0,0.0,0.0,0.0,0.0,0.0,0.0
FCO,DUB,0.0,0.0,0.0,0.0,0.0,5650.5,14555.3,43902.2,0.0,0.0,0.0,30666.8,34941.7,793.8,0.0,0.0,0.0,1644.6,5923.5,11579.9,0.0,0.0,0.0,13394.8,799.0,2643.9,0.0,0.0,0.0,0.0
FCO,ARN,0.0,0.0,0.0,0.0,0.0,1501.6,13529.3,1881.4,0.0,0.0,0.0,17758.7,10473.6,111.3,0.0,0.0,0.0,3897.0,14806.5,24263.1,0.0,0.0,0.0,6503.8,1833.1,29883.8,0.0,0.0,0.0,0.0
FCO,LIS,0.0,0.0,0.0,0.0,0.0,14058.1,16543.4,9564.1,0.0,0.0,0.0,17495.7,3381.0,8786.8,0.0,0.0,0.0,19217.3,1266.5,5319.0,0.0,0.0,0.0,5367.0,3069.7,7573.5,0.0,0.0,0.0,0.0
FCO,TXL,0.0,0.0,0.0,0.0,0.0,20407.0,852.5,12482.6,0.0,0.0,0.0,12842.7,13776.7,3965.6,0.0,0.0,0.0,4908.8,5373.0,16024.6,0.0,0.0,0.0,13508.5,1517.1,41335.3,0.0,0.0,0.0,0.0
FCO,HEL,0.0,0.0,0.0,0.0,0.0,12560.1,96153.8,1120.1,0.0,0.0,0.0,683.5,22757.8,5740.4,0.0,0.0,0.0,10911.6,1376.2,16106.8,0.0,0.0,0.0,158.2,10848.6,6383.9,0.0,0.0,0.0,0.0
FCO,WAW,0.0,0.0,0.0,0.0,0.0,10689.2,345.1,3189.1,0.0,0.0,0.0,8092.2,16704.8,518.4,0.0,0.0,0.0,10064.7,4316.9,7830.5,0.0,0.0,0.0,13005.7,3219.3,19682.9,0.0,0.0,0.0,0.0
FCO,EDI,0.0,0.0,0.0,0.0,0.0,4058.5,8257.4,16842.0,0.0,0.0,0.0,3176.9,15866.1,615.2,0.0,0.0,0.0,9379.6,23294.5,22662.0,0.0,0.0,0.0,4504.0,2823.5,49105.1,0.0,0.0,0.0,0.0
FCO,OTP,0.0,0.0,0.0,0.0,0.0,23650.4,3233.3,8881.4,0.0,0.0,0.0,5863.4,10890.4,8618.2,0.0,0.0,0.0,185.6,1977.5,16531.1,0.0,0.0,0.0,54730.7,33193.5,19283.7,0.0,0.0,0.0,0.0
FCO,HER,0.0,0.0,0.0,0.0,0.0,32671.8,252.3,1236.4,0.0,0.0,0.0,7981.3,8686.2,4622.9,0.0,0.0,0.0,2009.4,2293.5,11960.2,0.0,0.0,0.0,32425.8,1987.9,20868.0,0.0,0.0,0.0,0.0
FCO,KEF,0.0,0.0,0.0,0.0,0.0,11443.4,2561.6,10560.7,0.0,0.0,0.0,34121.3,3708.2,584.2,0.0,0.0,0.0,1566.1,16629.4,33273.4,0.0,0.0,0.0,58232.3,1426.9,17495.8,0.0,0.0,0.0,0.0
FCO,PMO,0.0,0.0,0.0,0.0,0.0,55195.1,14437.0,2915.7,0.0,0.0,0.0,6344.5,2313.6,2987.6,0.0,0.0,0.0,3804.1,12765.4,41379.3,0.0,0.0,0.0,21379.5,707.8,29148.1,0.0,0.0,0.0,0.0
FCO,FNC,0.0,0.0,0.0,0.0,0.0,14293.7,6661.0,25046.9,0.0,0.0,0.0,15355.9,25115.3,5213.4,0.0,0.0,0.0,16418.0,13289.6,19652.8,0.0,0.0,0.0,642.4,3276.0,15147.5,0.0,0.0,0.0,0.0
DUB,LHR,0.0,0.0,0.0,0.0,0.0,13646.8,54267.7,3977.1,0.0,0.0,0.0,972.4,758.0,70.6,0.0,0.0,0.0,9052.6,1824.5,40427.8,0.0,0.0,0.0,14793.9,2090.7,16571.8,0.0,0.0,0.0,0.0
DUB,CDG,0.0,0.0,0.0,0.0,0.0,10276.7,8210.2,473.9,0.0,0.0,0.0,21634.4,9449.7,2128.7,0.0,0.0,0.0,28034.7,10065.8,34970.7,0.0,0.0,0.0,12567.4,3295.7,5411.2,0.0,0.0,0.0,0.0
DUB,AMS,0.0,0.0,0.0,0.0,0.0,18038.0,15568.9,15036.0,0.0,0.0,0.0,29693.7,11090.0,2434.1,0.0,0.0,0.0,4168.7,3828.8,9000.6,0.0,0.0,0.0,10269.4,1104.8,18274.4,0.0,0.0,0.0,0.0
DUB,FRA,0.0,0.0,0.0,0.0,0.0,27171.9,14499.4,490.4,0.0,0.0,0.0,17893.0,4578.8,2830.3,0.0,0.0,0.0,4499.3,4955.4,32134.2,0.0,0.0,0.0,37926.3,9855.7,4.6,0.0,0.0,0.0,0.0
DUB,MAD,0.0,0.0,0.0,0.0,0.0,10208.0,11579.3,11006.8,0.0,0.0,0.0,6776.7,2371.2,172.0,0.0,0.0,0.0,2821.6,13574.9,39916.0,0.0,0.0,0.0,34124.0,6130.2,327.1,0.0,0.0,0.0,0.0
DUB,BCN,0.0,0.0,0.0,0.0,0.0,1353.4,11544.8,1252.4,0.0,0.0,0.0,3421.2,11338.2,12539.4,0.0,0.0,0.0,3210.3,7156.1,25382.4,0.0,0.0,0.0,3957.9,592.8,65305.3,0.0,0.0,0.0,0.0
DUB,MUC,0.0,0.0,0.0,0.0,0.0,23222.4,11436.0,1584.5,0.0,0.0,0.0,7230.8,33054.1,1061.5,0.0,0.0,0.0,7623.4,7189.3,807.5,0.0,0.0,0.0,39354.8,4676.0,43005.4,0.0,0.0,0.0,0.0
DUB,FCO,0.0,0.0,0.0,0.0,0.0,45167.5,1714.0,6983.3,0.0,0.0,0.0,8898.0,771.7,4582.1,0.0,0.0,0.0,11363.1,4356.4,1854.9,0.0,0.0,0.0,65745.5,1920.1,7149.4,0.0,0.0,0.0,0.0
DUB,DUB,0.0,0.0,0.0,0.0,0.0,0.0,0.0,0.0,0.0,0.0,0.0,0.0,0.0,0.0,0.0,0.0,0.0,0.0,0.0,0.0,0.0,0.0,0.0,0.0,0.0,0.0,0.0,0.0,0.0,0.0
DUB,ARN,0.0,0.0,0.0,0.0,0.0,11909.8,13283.4,4016.8,0.0,0.0,0.0,13008.7,36857.8,3391.2,0.0,0.0,0.0,3080.9,1783.8,2473.9,0.0,0.0,0.0,40363.9,6384.0,35796.9,0.0,0.0,0.0,0.0
DUB,LIS,0.0,0.0,0.0,0.0,0.0,2581.4,5368.8,3420.0,0.0,0.0,0.0,18735.4,11785.7,7124.1,0.0,0.0,0.0,641.2,20494.7,20863.1,0.0,0.0,0.0,50532.5,2292.2,2781.1,0.0,0.0,0.0,0.0
DUB,TXL,0.0,0.0,0.0,0.0,0.0,22572.4,36.9,17028.2,0.0,0.0,0.0,3118.3,9306.6,8368.6,0.0,0.0,0.0,1718.6,4686.4,14473.2,0.0,0.0,0.0,28011.0,16056.0,41934.4,0.0,0.0,0.0,0.0
DUB,HEL,0.0,0.0,0.0,0.0,0.0,1683.4,37557.0,60.8,0.0,0.0,0.0,3286.0,3224.5,3608.1,0.0,0.0,0.0,3584.5,37182.3,36133.0,0.0,0.0,0.0,27195.6,12571.9,41483.0,0.0,0.0,0.0,0.0
DUB,WAW,0.0,0.0,0.0,0.0,0.0,46159.3,7293.9,1945.3,0.0,0.0,0.0,9419.5,18995.8,953.9,0.0,0.0,0.0,5265.9,32812.8,4244.1,0.0,0.0,0.0,28266.4,1407.4,41411.4,0.0,0.0,0.0,0.0
DUB,EDI,0.0,0.0,0.0,0.0,0.0,2063.0,11011.6,2965.7,0.0,0.0,0.0,58164.4,23648.4,1268.3,0.0,0.0,0.0,3584.0,22621.2,26112.4,0.0,0.0,0.0,24287.0,3212.6,15644.8,0.0,0.0,0.0,0.0
DUB,OTP,0.0,0.0,0.0,0.0,0.0,20395.4,9810.7,16077.9,0.0,0.0,0.0,9697.6,405.1,4824.8,0.0,0.0,0.0,18996.7,3309.4,35224.3,0.0,0.0,0.0,35319.2,5929.7,1753.3,0.0,0.0,0.0,0.0
DUB,HER,0.0,0.0,0.0,0.0,0.0,24333.9,24639.5,1984.9,0.0,0.0,0.0,17399.1,14699.3,6500.3,0.0,0.0,0.0,1162.5,919.3,1962.4,0.0,0.0,0.0,21940.6,1744.1,15935.0,0.0,0.0,0.0,0.0
DUB,KEF,0.0,0.0,0.0,0.0,0.0,9032.2,6361.5,8080.8,0.0,0.0,0.0,21111.4,11436.1,454.3,0.0,0.0,0.0,2250.3,3859.2,49677.5,0.0,0.0,0.0,14375.8,14230.8,8098.6,0.0,0.0,0.0,0.0
DUB,PMO,0.0,0.0,0.0,0.0,0.0,18705.1,7362.5,2456.3,0.0,0.0,0.0,40616.6,9652.2,75.2,0.0,0.0,0.0,5802.8,18559.4,18992.1,0.0,0.0,0.0,15838.2,6939.1,8641.6,0.0,0.0,0.0,0.0
DUB,FNC,0.0,0.0,0.0,0.0,0.0,16291.0,4967.3,566.5,0.0,0.0,0.0,11226.6,12156.5,1269.8,0.0,0.0,0.0,3521.7,17904.1,13563.3,0.0,0.0,0.0,32778.0,9187.7,12276.9,0.0,0.0,0.0,0.0
ARN,LHR,0.0,0.0,0.0,0.0,0.0,17935.5,19291.6,2579.3,0.0,0.0,0.0,9255.3,5734.3,1347.9,0.0,0.0,0.0,1427.3,11385.1,926.5,0.0,0.0,0.0,7260.4,7109.0,18205.5,0.0,0.0,0.0,0.0
ARN,CDG,0.0,0.0,0.0,0.0,0.0,4997.9,613.1,855.7,0.0,0.0,0.0,1578.2,4343.2,1914.4,0.0,0.0,0.0,24796.2,12129.5,25670.3,0.0,0.0,0.0,37359.6,2157.3,3120.2,0.0,0.0,0.0,0.0
ARN,AMS,0.0,0.0,0.0,0.0,0.0,9356.3,3222.1,13844.3,0.0,0.0,0.0,31233.7,11206.3,4320.4,0.0,0.0,0.0,2413.9,26149.8,8356.6,0.0,0.0,0.0,15425.9,1394.3,9383.4,0.0,0.0,0.0,0.0
ARN,FRA,0.0,0.0,0.0,0.0,0.0,64273.9,30041.6,1511.5,0.0,0.0,0.0,2583.6,12382.1,5186.4,0.0,0.0,0.0,15210.9,698.4,15740.9,0.0,0.0,0.0,5706.4,22442.8,19605.6,0.0,0.0,0.0,0.0
ARN,MAD,0.0,0.0,0.0,0.0,0.0,8773.4,7936.4,167.1,0.0,0.0,0.0,14713.7,10910.2,2722.2,0.0,0.0,0.0,1466.9,4175.3,565.5,0.0,0.0,0.0,5065.7,4980.3,2779.9,0.0,0.0,0.0,0.0
ARN,BCN,0.0,0.0,0.0,0.0,0.0,25410.2,36472.0,6007.7,0.0,0.0,0.0,6170.7,8989.5,8080.8,0.0,0.0,0.0,1341.6,14900.3,54450.9,0.0,0.0,0.0,22843.2,977.8,20264.7,0.0,0.0,0.0,0.0
ARN,MUC,0.0,0.0,0.0,0.0,0.0,8683.0,18840.7,2289.4,0.0,0.0,0.0,1331.6,4248.2,5435.0,0.0,0.0,0.0,9120.9,14060.0,19098.0,0.0,0.0,0.0,2592.8,405.8,10034.9,0.0,0.0,0.0,0.0
ARN,FCO,0.0,0.0,0.0,0.0,0.0,11128.2,6114.5,1736.7,0.0,0.0,0.0,4942.5,7681.4,395.4,0.0,0.0,0.0,9919.1,2946.0,9874.6,0.0,0.0,0.0,15177.9,5126.9,10497.9,0.0,0.0,0.0,0.0
ARN,DUB,0.0,0.0,0.0,0.0,0.0,9156.7,29719.3,859.6,0.0,0.0,0.0,115.7,2374.5,8113.3,0.0,0.0,0.0,5229.2,11098.1,10962.7,0.0,0.0,0.0,39206.9,5917.7,26076.9,0.0,0.0,0.0,0.0
ARN,ARN,0.0,0.0,0.0,0.0,0.0,0.0,0.0,0.0,0.0,0.0,0.0,0.0,0.0,0.0,0.0,0.0,0.0,0.0,0.0,0.0,0.0,0.0,0.0,0.0,0.0,0.0,0.0,0.0,0.0,0.0
ARN,LIS,0.0,0.0,0.0,0.0,0.0,34648.6,8850.4,1645.2,0.0,0.0,0.0,3984.3,1041.5,4990.8,0.0,0.0,0.0,18129.4,9582.1,50645.6,0.0,0.0,0.0,8792.3,3871.1,2059.3,0.0,0.0,0.0,0.0
ARN,TXL,0.0,0.0,0.0,0.0,0.0,18180.2,13742.6,93.5,0.0,0.0,0.0,21024.5,6093.0,16552.9,0.0,0.0,0.0,3975.2,8637.6,61339.8,0.0,0.0,0.0,13035.1,1329.7,19331.0,0.0,0.0,0.0,0.0
ARN,HEL,0.0,0.0,0.0,0.0,0.0,18780.8,10568.0,3629.0,0.0,0.0,0.0,30534.2,9717.3,4100.7,0.0,0.0,0.0,9200.3,2003.0,42363.5,0.0,0.0,0.0,18058.9,339.4,23862.7,0.0,0.0,0.0,0.0
ARN,WAW,0.0,0.0,0.0,0.0,0.0,124416.8,5928.6,2095.6,0.0,0.0,0.0,6319.9,21457.3,3384.6,0.0,0.0,0.0,1651.2,12139.7,870.7,0.0,0.0,0.0,23056.9,1333.8,35771.6,0.0,0.0,0.0,0.0
ARN,EDI,0.0,0.0,0.0,0.0,0.0,3777.7,17762.8,5175.6,0.0,0.0,0.0,36199.8,1265.9,810.8,0.0,0.0,0.0,5897.8,15863.2,17924.8,0.0,0.0,0.0,15560.1,6472.9,3335.0,0.0,0.0,0.0,0.0
ARN,OTP,0.0,0.0,0.0,0.0,0.0,12391.0,2725.6,91.1,0.0,0.0,0.0,27064.1,6672.9,2377.8,0.0,0.0,0.0,1070.9,31456.4,12015.8,0.0,0.0,0.0,7644.3,3638.7,37380.1,0.0,0.0,0.0,0.0
ARN,HER,0.0,0.0,0.0,0.0,0.0,5425.4,32547.0,3128.9,0.0,0.0,0.0,62834.1,7458.6,324.8,0.0,0.0,0.0,963.9,23623.9,27831.8,0.0,0.0,0.0,9597.4,1251.7,9741.9,0.0,0.0,0.0,0.0
ARN,KEF,0.0,0.0,0.0,0.0,0.0,25169.5,441.1,4821.0,0.0,0.0,0.0,51790.8,668.8,54444.1,0.0,0.0,0.0,1055.6,16686.5,18737.9,0.0,0.0,0.0,36864.4,4336.9,817.2,0.0,0.0,0.0,0.0
ARN,PMO,0.0,0.0,0.0,0.0,0.0,104248.2,5652.4,3826.5,0.0,0.0,0.0,3522.2,11646.9,17564.4,0.0,0.0,0.0,800.0,10424.2,9265.0,0.0,0.0,0.0,19328.7,2765.6,94354.8,0.0,0.0,0.0,0.0
ARN,FNC,0.0,0.0,0.0,0.0,0.0,10127.0,5831.7,2455.9,0.0,0.0,0.0,9572.6,5760.9,2722.1,0.0,0.0,0.0,20596.0,1431.9,20055.2,0.0,0.0,0.0,35744.2,4182.7,2026.2,0.0,0.0,0.0,0.0
LIS,LHR,0.0,0.0,0.0,0.0,0.0,9660.3,784.9,1001.4,0.0,0.0,0.0,37845.2,4520.6,24389.8,0.0,0.0,0.0,5543.8,35523.7,5229.2,0.0,0.0,0.0,28422.6,3780.9,5714.6,0.0,0.0,0.0,0.0
LIS,CDG,0.0,0.0,0.0,0.0,0.0,33065.1,53571.9,270.8,0.0,0.0,0.0,6264.7,14309.8,7703.8,0.0,0.0,0.0,10898.4,1349.1,7580.2,0.0,0.0,0.0,1026.6,887.0,3663.7,0.0,0.0,0.0,0.0
LIS,AMS,0.0,0.0,0.0,0.0,0.0,8868.8,10617.5,571.8,0.0,0.0,0.0,27081.9,13229.4,1483.4,0.0,0.0,0.0,3567.9,795.7,5360.1,0.0,0.0,0.0,9628.1,4657.0,55061.9,0.0,0.0,0.0,0.0
LIS,FRA,0.0,0.0,0.0,0.0,0.0,9981.7,8664.6,2530.4,0.0,0.0,0.0,27712.2,13201.9,2265.3,0.0,0.0,0.0,4738.8,28804.7,3823.9,0.0,0.0,0.0,63884.5,18108.3,3967.0,0.0,0.0,0.0,0.0
LIS,MAD,0.0,0.0,0.0,0.0,0.0,5220.5,3177.6,804.4,0.0,0.0,0.0,2210.9,13995.3,17636.3,0.0,0.0,0.0,8080.1,8902.2,68498.1,0.0,0.0,0.0,3798.3,2481.3,3904.2,0.0,0.0,0.0,0.0
LIS,BCN,0.0,0.0,0.0,0.0,0.0,17539.0,13413.1,527.6,0.0,0.0,0.0,2474.8,23379.3,2101.2,0.0,0.0,0.0,1822.4,11346.8,16708.1,0.0,0.0,0.0,30078.8,1293.3,2406.9,0.0,0.0,0.0,0.0
LIS,MUC,0.0,0.0,0.0,0.0,0.0,6734.6,74.6,1175.6,0.0,0.0,0.0,20915.0,25789.6,12576.5,0.0,0.0,0.0,3642.6,411.6,10033.8,0.0,0.0,0.0,11739.7,6920.0,12344.5,0.0,0.0,0.0,0.0
LIS,FCO,0.0,0.0,0.0,0.0,0.0,2645.9,6997.8,1313.7,0.0,0.0,0.0,4966.1,67185.9,17111.9,0.0,0.0,0.0,1261.3,6041.4,10517.6,0.0,0.0,0.0,555.4,713.8,119497.2,0.0,0.0,0.0,0.0
LIS,DUB,0.0,0.0,0.0,0.0,0.0,15316.6,15225.9,16219.3,0.0,0.0,0.0,2221.6,2514.7,4595.4,0.0,0.0,0.0,8172.5,7355.8,4939.9,0.0,0.0,0.0,12991.6,18877.0,79065.5,0.0,0.0,0.0,0.0
LIS,ARN,0.0,0.0,0.0,0.0,0.0,20228.3,17932.7,13351.2,0.0,0.0,0.0,34029.6,15990.2,8225.4,0.0,0.0,0.0,6923.2,3637.7,9325.9,0.0,0.0,0.0,2050.4,1533.0,31170.0,0.0,0.0,0.0,0.0
LIS,LIS,0.0,0.0,0.0,0.0,0.0,0.0,0.0,0.0,0.0,0.0,0.0,0.0,0.0,0.0,0.0,0.0,0.0,0.0,0.0,0.0,0.0,0.0,0.0,0.0,0.0,0.0,0.0,0.0,0.0,0.0
LIS,TXL,0.0,0.0,0.0,0.0,0.0,3299.6,20957.3,1924.5,0.0,0.0,0.0,1366.3,2457.9,15351.4,0.0,0.0,0.0,5716.1,9423.2,3699.2,0.0,0.0,0.0,25607.9,1346.9,46217.6,0.0,0.0,0.0,0.0
LIS,HEL,0.0,0.0,0.0,0.0,0.0,56001.0,18544.6,4744.1,0.0,0.0,0.0,10198.8,56997.2,552.9,0.0,0.0,0.0,3879.2,16460.6,15134.2,0.0,0.0,0.0,2534.7,2062.9,8168.8,0.0,0.0,0.0,0.0
LIS,WAW,0.0,0.0,0.0,0.0,0.0,28087.2,9203.4,8295.9,0.0,0.0,0.0,1341.6,5639.5,767.4,0.0,0.0,0.0,7918.2,22690.2,5395.0,0.0,0.0,0.0,63477.2,5371.8,5869.7,0.0,0.0,0.0,0.0
LIS,EDI,0.0,0.0,0.0,0.0,0.0,10477.6,7667.2,625.1,0.0,0.0,0.0,16225.7,495.9,5726.9,0.0,0.0,0.0,14402.4,8081.6,28579.4,0.0,0.0,0.0,55240.3,353.0,1136.7,0.0,0.0,0.0,0.0
LIS,OTP,0.0,0.0,0.0,0.0,0.0,64387.9,10552.5,3460.1,0.0,0.0,0.0,1743.4,13394.4,5470.7,0.0,0.0,0.0,8013.7,5808.2,19379.1,0.0,0.0,0.0,2555.1,1111.2,26642.9,0.0,0.0,0.0,0.0
LIS,HER,0.0,0.0,0.0,0.0,0.0,29313.5,5768.1,5239.1,0.0,0.0,0.0,3086.5,9590.4,30247.4,0.0,0.0,0.0,6422.3,34617.2,15582.5,0.0,0.0,0.0,8235.9,936.5,16203.7,0.0,0.0,0.0,0.0
LIS,KEF,0.0,0.0,0.0,0.0,0.0,22603.6,6105.4,3350.6,0.0,0.0,0.0,80714.1,9954.4,11288.4,0.0,0.0,0.0,10279.4,2361.2,58335.2,0.0,0.0,0.0,9537.1,4475.4,23717.4,0.0,0.0,0.0,0.0
LIS,PMO,0.0,0.0,0.0,0.0,0.0,5953.9,8043.2,6392.8,0.0,0.0,0.0,13037.7,27163.2,14531.0,0.0,0.0,0.0,6812.9,22247.7,6406.3,0.0,0.0,0.0,8603.6,2692.4,47118.5,0.0,0.0,0.0,0.0
LIS,FNC,0.0,0.0,0.0,0.0,0.0,12241.6,6452.8,4879.2,0.0,0.0,0.0,27610.2,15547.1,8092.5,0.0,0.0,0.0,2265.6,6621.2,11758.5,0.0,0.0,0.0,3000.4,11074.4,44150.0,0.0,0.0,0.0,0.0
TXL,LHR,0.0,0.0,0.0,0.0,0.0,8608.4,16287.1,2107.9,0.0,0.0,0.0,26205.5,22648.9,301.3,0.0,0.0,0.0,7351.0,27473.4,13425.0,0.0,0.0,0.0,16552.7,1576.3,3547.5,0.0,0.0,0.0,0.0
TXL,CDG,0.0,0.0,0.0,0.0,0.0,10348.3,11087.4,129.5,0.0,0.0,0.0,59564.6,13852.3,1397.3,0.0,0.0,0.0,3437.3,13723.0,32109.1,0.0,0.0,0.0,17772.3,15574.2,18928.1,0.0,0.0,0.0,0.0
TXL,AMS,0.0,0.0,0.0,0.0,0.0,14129.9,306.5,21587.9,0.0,0.0,0.0,18071.5,32660.1,16827.7,0.0,0.0,0.0,20323.7,5700.5,5696.8,0.0,0.0,0.0,13298.7,13276.2,4917.0,0.0,0.0,0.0,0.0
TXL,FRA,0.0,0.0,0.0,0.0,0.0,51242.4,14414.0,2499.1,0.0,0.0,0.0,8200.9,12825.7,4365.0,0.0,0.0,0.0,9778.6,3144.1,14902.9,0.0,0.0,0.0,10631.4,3963.7,1305.3,0.0,0.0,0.0,0.0
TXL,MAD,0.0,0.0,0.0,0.0,0.0,22306.8,13172.1,4743.8,0.0,0.0,0.0,38988.2,14533.9,449.7,0.0,0.0,0.0,730.4,5738.1,2088.7,0.0,0.0,0.0,22877.7,2229.7,13571.8,0.0,0.0,0.0,0.0
TXL,BCN,0.0,0.0,0.0,0.0,0.0,41536.8,41130.5,5303.6,0.0,0.0,0.0,3444.4,14838.9,6247.6,0.0,0.0,0.0,2227.6,4882.8,1804.1,0.0,0.0,0.0,10781.4,2585.7,7890.5,0.0,0.0,0.0,0.0
TXL,MUC,0.0,0.0,0.0,0.0,0.0,21084.6,41902.4,1573.2,0.0,0.0,0.0,30633.2,1856.1,7807.1,0.0,0.0,0.0,531.6,4560.9,15329.6,0.0,0.0,0.0,868.4,18459.0,7778.4,0.0,0.0,0.0,0.0
TXL,FCO,0.0,0.0,0.0,0.0,0.0,10136.3,12409.0,23159.4,0.0,0.0,0.0,3633.1,6541.0,4209.0,0.0,0.0,0.0,12635.8,36299.3,7536.9,0.0,0.0,0.0,5818.3,2533.3,10660.4,0.0,0.0,0.0,0.0
TXL,DUB,0.0,0.0,0.0,0.0,0.0,11697.9,5193.6,1001.5,0.0,0.0,0.0,16342.2,78430.0,3239.1,0.0,0.0,0.0,1956.1,9915.2,6033.1,0.0,0.0,0.0,14354.0,1631.3,23180.0,0.0,0.0,0.0,0.0
TXL,ARN,0.0,0.0,0.0,0.0,0.0,4267.4,14994.8,939.6,0.0,0.0,0.0,17611.9,5833.0,4756.7,0.0,0.0,0.0,2466.9,18936.1,12667.0,0.0,0.0,0.0,10289.0,6764.0,19134.0,0.0,0.0,0.0,0.0
TXL,LIS,0.0,0.0,0.0,0.0,0.0,17787.2,38020.6,3529.4,0.0,0.0,0.0,11375.3,10502.3,1538.5,0.0,0.0,0.0,16143.6,2708.6,29442.6,0.0,0.0,0.0,39590.4,3461.9,6781.6,0.0,0.0,0.0,0.0
TXL,TXL,0.0,0.0,0.0,0.0,0.0,0.0,0.0,0.0,0.0,0.0,0.0,0.0,0.0,0.0,0.0,0.0,0.0,0.0,0.0,0.0,0.0,0.0,0.0,0.0,0.0,0.0,0.0,0.0,0.0,0.0
TXL,HEL,0.0,0.0,0.0,0.0,0.0,2497.5,5314.5,3567.3,0.0,0.0,0.0,4400.4,21665.1,1837.6,0.0,0.0,0.0,4023.0,3989.5,2721.8,0.0,0.0,0.0,64420.6,1161.8,23496.2,0.0,0.0,0.0,0.0
TXL,WAW,0.0,0.0,0.0,0.0,0.0,1460.5,11869.8,2080.7,0.0,0.0,0.0,16118.7,59963.3,7574.9,0.0,0.0,0.0,841.3,3013.8,5176.4,0.0,0.0,0.0,70791.1,3140.3,8549.0,0.0,0.0,0.0,0.0
TXL,EDI,0.0,0.0,0.0,0.0,0.0,7448.8,1784.4,376.0,0.0,0.0,0.0,45023.8,4059.2,6670.6,0.0,0.0,0.0,3396.4,5329.4,24714.3,0.0,0.0,0.0,74864.4,25155.7,2328.6,0.0,0.0,0.0,0.0
TXL,OTP,0.0,0.0,0.0,0.0,0.0,49273.4,4044.0,3529.6,0.0,0.0,0.0,7597.2,9076.0,1408.1,0.0,0.0,0.0,30941.1,3601.6,15729.4,0.0,0.0,0.0,6372.3,5179.3,12.3,0.0,0.0,0.0,0.0
TXL,HER,0.0,0.0,0.0,0.0,0.0,3579.4,600.0,121.6,0.0,0.0,0.0,2703.5,2765.1,2083.4,0.0,0.0,0.0,7954.6,5723.8,6141.4,0.0,0.0,0.0,81085.3,984.5,39709.2,0.0,0.0,0.0,0.0
TXL,KEF,0.0,0.0,0.0,0.0,0.0,9878.2,25342.9,2897.2,0.0,0.0,0.0,60283.3,7099.2,3073.8,0.0,0.0,0.0,1339.4,6466.2,2817.7,0.0,0.0,0.0,5049.2,2103.8,11423.4,0.0,0.0,0.0,0.0
TXL,PMO,0.0,0.0,0.0,0.0,0.0,5902.4,4017.4,14656.3,0.0,0.0,0.0,7298.6,3424.8,3805.2,0.0,0.0,0.0,5577.7,34810.8,15893.6,0.0,0.0,0.0,8359.7,3669.8,3608.5,0.0,0.0,0.0,0.0
TXL,FNC,0.0,0.0,0.0,0.0,0.0,27870.3,79612.1,4823.9,0.0,0.0,0.0,18630.6,857.1,781.8,0.0,0.0,0.0,9905.3,23835.6,9404.7,0.0,0.0,0.0,12516.2,8961.5,5577.7,0.0,0.0,0.0,0.0
HEL,LHR,0.0,0.0,0.0,0.0,0.0,1618.2,17382.1,2758.2,0.0,0.0,0.0,13008.7,8222.0,3718.8,0.0,0.0,0.0,1620.8,5138.4,1797.4,0.0,0.0,0.0,24301.7,4529.0,15782.6,0.0,0.0,0.0,0.0
HEL,CDG,0.0,0.0,0.0,0.0,0.0,5088.4,11451.1,6641.0,0.0,0.0,0.0,36626.5,19819.1,384.8,0.0,0.0,0.0,9565.6,4874.2,7188.0,0.0,0.0,0.0,3365.9,4104.6,30996.1,0.0,0.0,0.0,0.0
HEL,AMS,0.0,0.0,0.0,0.0,0.0,30900.2,38986.9,2055.1,0.0,0.0,0.0,39628.6,25229.6,4137.6,0.0,0.0,0.0,10157.3,3985.9,2456.7,0.0,0.0,0.0,3025.5,159.7,8017.4,0.0,0.0,0.0,0.0
HEL,FRA,0.0,0.0,0.0,0.0,0.0,1712.9,94015.8,3078.8,0.0,0.0,0.0,11086.7,7426.8,11743.5,0.0,0.0,0.0,6763.9,3375.4,1919.7,0.0,0.0,0.0,2697.1,14.9,85166.7,0.0,0.0,0.0,0.0
HEL,MAD,0.0,0.0,0.0,0.0,0.0,11520.1,7890.4,7797.6,0.0,0.0,0.0,26710.7,918.1,382.7,0.0,0.0,0.0,3979.0,11239.0,3018.5,0.0,0.0,0.0,12720.5,3607.9,10385.7,0.0,0.0,0.0,0.0
HEL,BCN,0.0,0.0,0.0,0.0,0.0,19052.6,2429.5,11594.5,0.0,0.0,0.0,41602.6,4092.8,441.9,0.0,0.0,0.0,1725.8,728.9,26976.0,0.0,0.0,0.0,4520.8,13253.7,16732.0,0.0,0.0,0.0,0.0
HEL,MUC,0.0,0.0,0.0,0.0,0.0,13466.0,13378.7,717.0,0.0,0.0,0.0,11055.9,4419.5,5159.3,0.0,0.0,0.0,939.3,7656.7,2815.6,0.0,0.0,0.0,8659.6,6401.2,8042.7,0.0,0.0,0.0,0.0
HEL,FCO,0.0,0.0,0.0,0.0,0.0,23791.1,1830.1,905.0,0.0,0.0,0.0,25205.2,28335.1,3795.1,0.0,0.0,0.0,1349.4,29519.7,11105.9,0.0,0.0,0.0,5722.7,1029.9,5390.4,0.0,0.0,0.0,0.0
HEL,DUB,0.0,0.0,0.0,0.0,0.0,13211.7,50578.2,3217.5,0.0,0.0,0.0,13851.7,1160.1,545.1,0.0,0.0,0.0,773.1,36316.9,5185.9,0.0,0.0,0.0,32120.4,2998.0,8699.1,0.0,0.0,0.0,0.0
HEL,ARN,0.0,0.0,0.0,0.0,0.0,13363.3,9581.4,10748.6,0.0,0.0,0.0,8174.5,24940.2,4286.2,0.0,0.0,0.0,4681.7,5226.4,12956.8,0.0,0.0,0.0,524.1,1702.5,23550.6,0.0,0.0,0.0,0.0
HEL,LIS,0.0,0.0,0.0,0.0,0.0,1290.2,1044.2,1492.5,0.0,0.0,0.0,12203.4,12871.2,2213.7,0.0,0.0,0.0,1176.7,3692.4,3475.9,0.0,0.0,0.0,5394.3,4038.6,30316.7,0.0,0.0,0.0,0.0
HEL,TXL,0.0,0.0,0.0,0.0,0.0,53628.5,16867.2,7714.4,0.0,0.0,0.0,23997.1,12037.3,8782.5,0.0,0.0,0.0,2387.6,8815.9,9224.3,0.0,0.0,0.0,1280.2,387.6,7809.5,0.0,0.0,0.0,0.0
HEL,HEL,0.0,0.0,0.0,0.0,0.0,0.0,0.0,0.0,0.0,0.0,0.0,0.0,0.0,0.0,0.0,0.0,0.0,0.0,0.0,0.0,0.0,0.0,0.0,0.0,0.0,0.0,0.0,0.0,0.0,0.0
HEL,WAW,0.0,0.0,0.0,0.0,0.0,4061.7,24214.0,1621.8,0.0,0.0,0.0,1115.0,32231.8,35.0,0.0,0.0,0.0,4679.1,9533.4,24628.6,0.0,0.0,0.0,81117.2,2359.7,6.0,0.0,0.0,0.0,0.0
HEL,EDI,0.0,0.0,0.0,0.0,0.0,6367.0,25848.4,1163.4,0.0,0.0,0.0,19138.9,17195.7,5442.7,0.0,0.0,0.0,4465.3,10674.7,28305.2,0.0,0.0,0.0,46574.6,1032.3,955.8,0.0,0.0,0.0,0.0
HEL,OTP,0.0,0.0,0.0,0.0,0.0,32626.5,8116.1,2831.3,0.0,0.0,0.0,343.0,3061.1,2852.1,0.0,0.0,0.0,1615.7,7940.3,19136.3,0.0,0.0,0.0,21600.5,24991.9,42569.4,0.0,0.0,0.0,0.0
HEL,HER,0.0,0.0,0.0,0.0,0.0,549.1,6022.4,222.8,0.0,0.0,0.0,3434.9,3377.5,8658.2,0.0,0.0,0.0,11486.7,13040.6,12336.6,0.0,0.0,0.0,4303.5,2798.2,45072.1,0.0,0.0,0.0,0.0
HEL,KEF,0.0,0.0,0.0,0.0,0.0,2638.0,419.3,8420.4,0.0,0.0,0.0,15784.7,18236.3,3666.7,0.0,0.0,0.0,2184.5,5423.7,3.4,0.0,0.0,0.0,21324.5,7357.7,12565.0,0.0,0.0,0.0,0.0
HEL,PMO,0.0,0.0,0.0,0.0,0.0,19686.6,6431.1,3336.5,0.0,0.0,0.0,49074.9,5286.0,2699.0,0.0,0.0,0.0,16398.9,3880.8,26405.9,0.0,0.0,0.0,20595.1,1100.4,17572.7,0.0,0.0,0.0,0.0
HEL,FNC,0.0,0.0,0.0,0.0,0.0,48689.0,23045.7,2639.5,0.0,0.0,0.0,56752.2,13670.5,5367.6,0.0,0.0,0.0,3745.4,8882.5,5881.0,0.0,0.0,0.0,13296.0,2647.4,1561.2,0.0,0.0,0.0,0.0
WAW,LHR,0.0,0.0,0.0,0.0,0.0,2434.8,16439.5,3593.6,0.0,0.0,0.0,2590.9,10962.4,1202.4,0.0,0.0,0.0,34019.9,9356.5,34429.8,0.0,0.0,0.0,2305.7,2566.8,31449.2,0.0,0.0,0.0,0.0
WAW,CDG,0.0,0.0,0.0,0.0,0.0,15212.5,3601.7,8059.2,0.0,0.0,0.0,758.3,4180.6,8383.6,0.0,0.0,0.0,30366.5,4198.9,15722.1,0.0,0.0,0.0,36034.9,2778.3,87137.5,0.0,0.0,0.0,0.0
WAW,AMS,0.0,0.0,0.0,0.0,0.0,21125.7,108961.8,550.5,0.0,0.0,0.0,12675.4,39860.6,747.8,0.0,0.0,0.0,1017.9,2807.5,16010.4,0.0,0.0,0.0,30960.4,3880.5,26112.7,0.0,0.0,0.0,0.0
WAW,FRA,0.0,0.0,0.0,0.0,0.0,9582.2,26647.6,6090.7,0.0,0.0,0.0,1559.1,24252.7,8837.2,0.0,0.0,0.0,10730.5,4090.8,3582.6,0.0,0.0,0.0,18337.0,5789.3,60.7,0.0,0.0,0.0,0.0
WAW,MAD,0.0,0.0,0.0,0.0,0.0,397019.9,1611.8,5016.0,0.0,0.0,0.0,12467.6,6697.0,1833.7,0.0,0.0,0.0,3312.7,821.5,4832.0,0.0,0.0,0.0,13773.9,3688.6,57217.0,0.0,0.0,0.0,0.0
WAW,BCN,0.0,0.0,0.0,0.0,0.0,1818.3,38897.5,151.3,0.0,0.0,0.0,13312.0,7187.7,2518.9,0.0,0.0,0.0,11716.7,11596.3,1000.3,0.0,0.0,0.0,1532.5,9487.3,23248.8,0.0,0.0,0.0,0.0
WAW,MUC,0.0,0.0,0.0,0.0,0.0,10669.9,25581.9,34.8,0.0,0.0,0.0,8871.5,3225.7,3305.4,0.0,0.0,0.0,6715.3,29170.7,34617.7,0.0,0.0,0.0,17573.2,5354.6,38123.3,0.0,0.0,0.0,0.0
WAW,FCO,0.0,0.0,0.0,0.0,0.0,72529.5,435.6,1943.0,0.0,0.0,0.0,25808.8,9445.8,7668.5,0.0,0.0,0.0,13689.4,2113.2,7103.6,0.0,0.0,0.0,3457.7,1957.6,6957.0,0.0,0.0,0.0,0.0
WAW,DUB,0.0,0.0,0.0,0.0,0.0,19180.8,87486.9,1627.0,0.0,0.0,0.0,3915.0,6524.9,3200.1,0.0,0.0,0.0,901.2,833.0,14058.9,0.0,0.0,0.0,75505.4,3485.9,8518.9,0.0,0.0,0.0,0.0
WAW,ARN,0.0,0.0,0.0,0.0,0.0,8871.2,988.0,2901.9,0.0,0.0,0.0,22290.9,5635.7,435.0,0.0,0.0,0.0,2289.3,6652.6,42121.0,0.0,0.0,0.0,7425.9,110.3,2113.6,0.0,0.0,0.0,0.0
WAW,LIS,0.0,0.0,0.0,0.0,0.0,4356.6,64255.3,7693.1,0.0,0.0,0.0,15397.2,12721.4,8221.8,0.0,0.0,0.0,13534.2,15094.6,7923.3,0.0,0.0,0.0,8621.0,1.8,12866.0,0.0,0.0,0.0,0.0
WAW,TXL,0.0,0.0,0.0,0.0,0.0,48810.5,71198.0,963.1,0.0,0.0,0.0,19605.0,2250.1,4402.3,0.0,0.0,0.0,7409.2,3402.8,15590.8,0.0,0.0,0.0,17038.3,1012.1,22518.0,0.0,0.0,0.0,0.0
WAW,HEL,0.0,0.0,0.0,0.0,0.0,9390.5,12493.7,8137.7,0.0,0.0,0.0,10484.4,11917.1,398.1,0.0,0.0,0.0,1135.9,3506.0,13732.7,0.0,0.0,0.0,12567.5,13429.6,35522.0,0.0,0.0,0.0,0.0
WAW,WAW,0.0,0.0,0.0,0.0,0.0,0.0,0.0,0.0,0.0,0.0,0.0,0.0,0.0,0.0,0.0,0.0,0.0,0.0,0.0,0.0,0.0,0.0,0.0,0.0,0.0,0.0,0.0,0.0,0.0,0.0
WAW,EDI,0.0,0.0,0.0,0.0,0.0,28683.4,2649.1,2632.0,0.0,0.0,0.0,13959.9,3193.4,833.2,0.0,0.0,0.0,6420.2,22991.4,19157.5,0.0,0.0,0.0,104663.6,45.9,28282.9,0.0,0.0,0.0,0.0
WAW,OTP,0.0,0.0,0.0,0.0,0.0,21697.6,689.1,246.0,0.0,0.0,0.0,16705.9,9822.3,1463.7,0.0,0.0,0.0,8055.6,8224.9,6215.5,0.0,0.0,0.0,11303.7,6490.0,18551.1,0.0,0.0,0.0,0.0
WAW,HER,0.0,0.0,0.0,0.0,0.0,386.9,2615.6,2155.5,0.0,0.0,0.0,23822.4,39167.3,6678.4,0.0,0.0,0.0,6740.1,20010.1,39241.2,0.0,0.0,0.0,69521.0,10027.5,21439.3,0.0,0.0,0.0,0.0
WAW,KEF,0.0,0.0,0.0,0.0,0.0,25280.2,7524.8,2481.3,0.0,0.0,0.0,12855.0,15212.8,3765.3,0.0,0.0,0.0,1243.8,63208.1,907.7,0.0,0.0,0.0,5579.8,3707.7,45564.3,0.0,0.0,0.0,0.0
WAW,PMO,0.0,0.0,0.0,0.0,0.0,24446.6,20422.5,2856.0,0.0,0.0,0.0,29630.8,5075.3,2250.6,0.0,0.0,0.0,9572.9,47215.4,1051.0,0.0,0.0,0.0,30697.4,3438.7,13955.2,0.0,0.0,0.0,0.0
WAW,FNC,0.0,0.0,0.0,0.0,0.0,5030.5,1879.6,3091.1,0.0,0.0,0.0,16552.6,85311.0,8941.0,0.0,0.0,0.0,18565.0,7552.5,1577.8,0.0,0.0,0.0,3450.3,10403.7,1327.4,0.0,0.0,0.0,0.0
EDI,LHR,0.0,0.0,0.0,0.0,0.0,14149.5,27008.7,903.6,0.0,0.0,0.0,8999.2,7043.7,3774.2,0.0,0.0,0.0,2034.1,220.3,2205.1,0.0,0.0,0.0,114275.7,3694.3,5312.7,0.0,0.0,0.0,0.0
EDI,CDG,0.0,0.0,0.0,0.0,0.0,1097.2,41176.0,6378.9,0.0,0.0,0.0,9362.4,16211.7,5844.6,0.0,0.0,0.0,6259.6,31299.3,17615.7,0.0,0.0,0.0,587.3,9206.7,419.4,0.0,0.0,0.0,0.0
EDI,AMS,0.0,0.0,0.0,0.0,0.0,11434.3,31075.6,1066.6,0.0,0.0,0.0,17751.8,12112.2,11551.5,0.0,0.0,0.0,1744.4,2425.6,2244.8,0.0,0.0,0.0,7028.4,7863.7,17977.7,0.0,0.0,0.0,0.0
EDI,FRA,0.0,0.0,0.0,0.0,0.0,9139.4,24921.9,397.9,0.0,0.0,0.0,11942.0,7281.9,1396.6,0.0,0.0,0.0,3261.1,3275.7,61365.6,0.0,0.0,0.0,17633.9,7467.9,62667.9,0.0,0.0,0.0,0.0
EDI,MAD,0.0,0.0,0.0,0.0,0.0,13614.8,8163.3,1920.8,0.0,0.0,0.0,896.8,10477.6,2471.9,0.0,0.0,0.0,3886.3,432.8,6673.0,0.0,0.0,0.0,51761.5,4875.5,38351.2,0.0,0.0,0.0,0.0
EDI,BCN,0.0,0.0,0.0,0.0,0.0,2700.5,20233.9,2127.8,0.0,0.0,0.0,3665.8,21964.7,1367.8,0.0,0.0,0.0,10454.3,5749.8,23398.5,0.0,0.0,0.0,1193.4,1156.7,10812.4,0.0,0.0,0.0,0.0
EDI,MUC,0.0,0.0,0.0,0.0,0.0,4861.1,1605.6,458.0,0.0,0.0,0.0,20319.5,13706.3,15791.6,0.0,0.0,0.0,6808.6,8571.2,12411.5,0.0,0.0,0.0,4617.2,907.0,40362.1,0.0,0.0,0.0,0.0
EDI,FCO,0.0,0.0,0.0,0.0,0.0,24520.6,2486.3,4265.9,0.0,0.0,0.0,4188.6,841.3,17542.0,0.0,0.0,0.0,1336.1,1915.7,19556.5,0.0,0.0,0.0,175350.4,4234.7,6555.6,0.0,0.0,0.0,0.0
EDI,DUB,0.0,0.0,0.0,0.0,0.0,11306.8,4569.6,14980.5,0.0,0.0,0.0,15179.9,34679.2,50.9,0.0,0.0,0.0,3346.2,3480.7,134290.1,0.0,0.0,0.0,6572.9,12748.3,1152.9,0.0,0.0,0.0,0.0
EDI,ARN,0.0,0.0,0.0,0.0,0.0,35098.7,7083.5,8317.1,0.0,0.0,0.0,11465.4,12410.4,3374.8,0.0,0.0,0.0,3025.4,2706.2,44617.2,0.0,0.0,0.0,108964.9,1549.7,6030.7,0.0,0.0,0.0,0.0
EDI,LIS,0.0,0.0,0.0,0.0,0.0,1534.3,18737.0,6773.6,0.0,0.0,0.0,2393.7,32298.9,5829.5,0.0,0.0,0.0,2725.3,7357.9,8524.6,0.0,0.0,0.0,6955.8,40.3,4553.6,0.0,0.0,0.0,0.0
EDI,TXL,0.0,0.0,0.0,0.0,0.0,3324.6,707.2,8325.1,0.0,0.0,0.0,87235.1,1326.2,6646.6,0.0,0.0,0.0,4768.0,1192.0,29940.2,0.0,0.0,0.0,13825.4,19015.8,12690.9,0.0,0.0,0.0,0.0
EDI,HEL,0.0,0.0,0.0,0.0,0.0,2614.2,41368.9,486.3,0.0,0.0,0.0,19766.3,6695.0,8283.6,0.0,0.0,0.0,234.8,38479.6,32151.2,0.0,0.0,0.0,52947.3,87.8,5428.7,0.0,0.0,0.0,0.0
EDI,WAW,0.0,0.0,0.0,0.0,0.0,7858.2,9949.6,5314.6,0.0,0.0,0.0,20571.1,13639.5,697.6,0.0,0.0,0.0,14428.7,18689.3,1240.7,0.0,0.0,0.0,1512.4,148.6,50377.9,0.0,0.0,0.0,0.0
EDI,EDI,0.0,0.0,0.0,0.0,0.0,0.0,0.0,0.0,0.0,0.0,0.0,0.0,0.0,0.0,0.0,0.0,0.0,0.0,0.0,0.0,0.0,0.0,0.0,0.0,0.0,0.0,0.0,0.0,0.0,0.0
EDI,OTP,0.0,0.0,0.0,0.0,0.0,30418.1,7068.1,37676.6,0.0,0.0,0.0,24267.9,8370.9,8789.3,0.0,0.0,0.0,3732.8,5262.7,8327.7,0.0,0.0,0.0,40378.9,26.4,2615.2,0.0,0.0,0.0,0.0
EDI,HER,0.0,0.0,0.0,0.0,0.0,33683.9,4863.5,1588.1,0.0,0.0,0.0,17243.9,10891.3,1604.7,0.0,0.0,0.0,2112.2,8552.9,36028.8,0.0,0.0,0.0,105695.7,8329.3,9826.0,0.0,0.0,0.0,0.0
EDI,KEF,0.0,0.0,0.0,0.0,0.0,5675.4,27832.8,3772.8,0.0,0.0,0.0,12463.9,11512.1,5259.3,0.0,0.0,0.0,1491.6,8809.2,14918.0,0.0,0.0,0.0,2649.7,2405.3,3844.0,0.0,0.0,0.0,0.0
EDI,PMO,0.0,0.0,0.0,0.0,0.0,10667.2,7451.1,1519.2,0.0,0.0,0.0,1341.1,32261.0,33393.4,0.0,0.0,0.0,21539.6,21802.4,6221.8,0.0,0.0,0.0,367.9,3993.5,29234.9,0.0,0.0,0.0,0.0
EDI,FNC,0.0,0.0,0.0,0.0,0.0,4930.3,1874.3,4264.8,0.0,0.0,0.0,2809.6,4142.3,3471.3,0.0,0.0,0.0,1660.2,188286.7,106326.3,0.0,0.0,0.0,21068.8,12365.6,8367.1,0.0,0.0,0.0,0.0
OTP,LHR,0.0,0.0,0.0,0.0,0.0,11782.8,9710.2,847.7,0.0,0.0,0.0,3017.4,684.9,1034.6,0.0,0.0,0.0,11916.9,22859.7,13493.6,0.0,0.0,0.0,16201.3,1408.6,5572.7,0.0,0.0,0.0,0.0
OTP,CDG,0.0,0.0,0.0,0.0,0.0,4117.7,1876.4,1592.4,0.0,0.0,0.0,8315.6,8238.5,4015.0,0.0,0.0,0.0,15133.2,6632.7,19153.2,0.0,0.0,0.0,4927.7,4002.5,19979.4,0.0,0.0,0.0,0.0
OTP,AMS,0.0,0.0,0.0,0.0,0.0,19459.0,139.2,646.4,0.0,0.0,0.0,32553.7,51317.5,3860.5,0.0,0.0,0.0,2425.9,33426.3,46278.5,0.0,0.0,0.0,3456.0,4003.4,26487.5,0.0,0.0,0.0,0.0
OTP,FRA,0.0,0.0,0.0,0.0,0.0,6017.5,918.1,2226.5,0.0,0.0,0.0,6696.9,21102.6,9712.8,0.0,0.0,0.0,6910.4,7409.2,3341.4,0.0,0.0,0.0,12702.7,1272.7,9742.4,0.0,0.0,0.0,0.0
OTP,MAD,0.0,0.0,0.0,0.0,0.0,43644.5,12340.7,646.8,0.0,0.0,0.0,3162.1,11214.9,3873.8,0.0,0.0,0.0,6865.6,5595.6,46157.7,0.0,0.0,0.0,27000.8,3784.4,6259.1,0.0,0.0,0.0,0.0
OTP,BCN,0.0,0.0,0.0,0.0,0.0,1333.4,11201.9,10063.8,0.0,0.0,0.0,1249.8,12365.5,1716.9,0.0,0.0,0.0,10085.7,22189.1,21658.1,0.0,0.0,0.0,9750.4,8871.8,20452.8,0.0,0.0,0.0,0.0
OTP,MUC,0.0,0.0,0.0,0.0,0.0,650.6,2937.4,8470.4,0.0,0.0,0.0,15580.2,9563.7,6672.7,0.0,0.0,0.0,5785.3,26.1,4514.4,0.0,0.0,0.0,27924.2,12214.3,47183.5,0.0,0.0,0.0,0.0
OTP,FCO,0.0,0.0,0.0,0.0,0.0,31398.3,13585.1,2844.6,0.0,0.0,0.0,21100.5,13064.0,948.9,0.0,0.0,0.0,9908.1,7336.2,20164.8,0.0,0.0,0.0,27107.6,4521.3,35248.8,0.0,0.0,0.0,0.0
OTP,DUB,0.0,0.0,0.0,0.0,0.0,4260.4,12505.0,244.2,0.0,0.0,0.0,1834.6,8783.4,19969.5,0.0,0.0,0.0,2464.8,4413.6,4298.1,0.0,0.0,0.0,14327.7,13473.5,3004.6,0.0,0.0,0.0,0.0
OTP,ARN,0.0,0.0,0.0,0.0,0.0,2254.4,7047.4,7004.7,0.0,0.0,0.0,16621.0,13219.4,9884.7,0.0,0.0,0.0,10451.1,3784.5,13626.3,0.0,0.0,0.0,9017.7,1481.1,26803.2,0.0,0.0,0.0,0.0
OTP,LIS,0.0,0.0,0.0,0.0,0.0,12150.8,12648.4,0.6,0.0,0.0,0.0,1694.1,1584.4,861.3,0.0,0.0,0.0,634.9,45985.8,16397.8,0.0,0.0,0.0,2335.9,2390.2,29927.4,0.0,0.0,0.0,0.0
OTP,TXL,0.0,0.0,0.0,0.0,0.0,47952.2,3375.5,192.7,0.0,0.0,0.0,31753.3,3433.4,1306.3,0.0,0.0,0.0,10838.6,16518.7,1932.4,0.0,0.0,0.0,7235.1,5598.6,3079.3,0.0,0.0,0.0,0.0
OTP,HEL,0.0,0.0,0.0,0.0,0.0,31086.5,30493.2,1707.7,0.0,0.0,0.0,19193.7,17671.8,1371.2,0.0,0.0,0.0,1622.4,15517.5,8324.0,0.0,0.0,0.0,23711.3,22427.2,8600.6,0.0,0.0,0.0,0.0
OTP,WAW,0.0,0.0,0.0,0.0,0.0,25198.7,22532.0,1911.8,0.0,0.0,0.0,41692.2,49962.4,686.6,0.0,0.0,0.0,3523.3,12049.4,91372.8,0.0,0.0,0.0,9167.5,6939.7,17080.8,0.0,0.0,0.0,0.0
OTP,EDI,0.0,0.0,0.0,0.0,0.0,22542.6,21095.8,2137.4,0.0,0.0,0.0,86062.4,11520.1,4027.9,0.0,0.0,0.0,843.0,739.9,7729.1,0.0,0.0,0.0,12110.3,3041.3,18626.9,0.0,0.0,0.0,0.0
OTP,OTP,0.0,0.0,0.0,0.0,0.0,0.0,0.0,0.0,0.0,0.0,0.0,0.0,0.0,0.0,0.0,0.0,0.0,0.0,0.0,0.0,0.0,0.0,0.0,0.0,0.0,0.0,0.0,0.0,0.0,0.0
OTP,HER,0.0,0.0,0.0,0.0,0.0,7536.7,4064.3,2836.9,0.0,0.0,0.0,3164.8,9038.4,47832.8,0.0,0.0,0.0,14466.9,428.6,31070.2,0.0,0.0,0.0,7972.7,9112.6,32635.1,0.0,0.0,0.0,0.0
OTP,KEF,0.0,0.0,0.0,0.0,0.0,17400.7,2975.8,9512.8,0.0,0.0,0.0,7436.2,4817.9,2910.2,0.0,0.0,0.0,52439.9,8299.5,6121.6,0.0,0.0,0.0,10923.8,1120.1,1174.6,0.0,0.0,0.0,0.0
OTP,PMO,0.0,0.0,0.0,0.0,0.0,19489.7,37309.5,498.7,0.0,0.0,0.0,9619.8,11484.7,2091.3,0.0,0.0,0.0,38724.8,27348.0,18776.4,0.0,0.0,0.0,1537.4,2491.3,21591.3,0.0,0.0,0.0,0.0
OTP,FNC,0.0,0.0,0.0,0.0,0.0,3899.9,21090.8,12281.2,0.0,0.0,0.0,5177.5,407.4,902.6,0.0,0.0,0.0,11439.1,21340.6,6244.4,0.0,0.0,0.0,29824.6,453.2,28776.0,0.0,0.0,0.0,0.0
HER,LHR,0.0,0.0,0.0,0.0,0.0,4080.1,3866.2,2828.3,0.0,0.0,0.0,6219.8,23377.3,16698.7,0.0,0.0,0.0,7838.1,21895.8,39214.0,0.0,0.0,0.0,2863.8,5051.4,40583.7,0.0,0.0,0.0,0.0
HER,CDG,0.0,0.0,0.0,0.0,0.0,737.8,46694.0,5840.7,0.0,0.0,0.0,16701.7,12676.0,7213.0,0.0,0.0,0.0,306.5,27687.0,65608.7,0.0,0.0,0.0,1562.8,109.0,1762.8,0.0,0.0,0.0,0.0
HER,AMS,0.0,0.0,0.0,0.0,0.0,14777.9,5366.5,275.3,0.0,0.0,0.0,49425.3,21727.6,1623.9,0.0,0.0,0.0,3134.1,27010.1,4684.7,0.0,0.0,0.0,15321.5,2127.6,8586.7,0.0,0.0,0.0,0.0
HER,FRA,0.0,0.0,0.0,0.0,0.0,39597.8,18711.5,5772.8,0.0,0.0,0.0,12902.0,4046.4,633.5,0.0,0.0,0.0,2841.4,3012.1,2894.5,0.0,0.0,0.0,7808.8,245.2,13194.4,0.0,0.0,0.0,0.0
HER,MAD,0.0,0.0,0.0,0.0,0.0,5302.0,11962.2,13661.8,0.0,0.0,0.0,7945.0,23559.1,5398.2,0.0,0.0,0.0,16952.1,17090.7,20358.9,0.0,0.0,0.0,18176.0,5818.4,85980.3,0.0,0.0,0.0,0.0
HER,BCN,0.0,0.0,0.0,0.0,0.0,2746.7,488.6,980.1,0.0,0.0,0.0,25321.1,6218.7,4837.5,0.0,0.0,0.0,4513.7,23171.6,42982.6,0.0,0.0,0.0,42901.9,6049.7,1484.1,0.0,0.0,0.0,0.0
HER,MUC,0.0,0.0,0.0,0.0,0.0,16226.6,19778.5,2732.4,0.0,0.0,0.0,2706.9,11982.4,3148.5,0.0,0.0,0.0,709.7,5424.3,16965.0,0.0,0.0,0.0,393.5,1442.3,7612.3,0.0,0.0,0.0,0.0
HER,FCO,0.0,0.0,0.0,0.0,0.0,5292.3,29821.7,6501.4,0.0,0.0,0.0,18192.8,972.3,3372.6,0.0,0.0,0.0,8864.8,4596.0,4750.2,0.0,0.0,0.0,7905.4,4564.8,27741.2,0.0,0.0,0.0,0.0
HER,DUB,0.0,0.0,0.0,0.0,0.0,17519.0,21549.0,5568.9,0.0,0.0,0.0,10270.2,20055.7,2876.7,0.0,0.0,0.0,486.5,5293.7,3523.5,0.0,0.0,0.0,6932.9,11066.4,34425.4,0.0,0.0,0.0,0.0
HER,ARN,0.0,0.0,0.0,0.0,0.0,28612.7,1264.4,3506.9,0.0,0.0,0.0,11582.4,21424.8,1758.5,0.0,0.0,0.0,5841.0,8581.0,10441.0,0.0,0.0,0.0,240.4,3949.3,21824.7,0.0,0.0,0.0,0.0
HER,LIS,0.0,0.0,0.0,0.0,0.0,4502.9,13799.2,4099.2,0.0,0.0,0.0,23066.2,7860.4,3592.4,0.0,0.0,0.0,8377.2,12218.5,6204.2,0.0,0.0,0.0,10302.2,1044.6,15382.5,0.0,0.0,0.0,0.0
HER,TXL,0.0,0.0,0.0,0.0,0.0,32306.5,303.5,4158.2,0.0,0.0,0.0,37627.6,10327.9,850.3,0.0,0.0,0.0,3557.7,9208.0,58802.0,0.0,0.0,0.0,21472.8,383.2,756.0,0.0,0.0,0.0,0.0
HER,HEL,0.0,0.0,0.0,0.0,0.0,8265.1,2233.3,2391.7,0.0,0.0,0.0,36871.2,42825.8,5806.4,0.0,0.0,0.0,753.4,8791.7,29081.2,0.0,0.0,0.0,1264.5,1711.2,3406.8,0.0,0.0,0.0,0.0
HER,WAW,0.0,0.0,0.0,0.0,0.0,144.9,5876.9,5657.7,0.0,0.0,0.0,9645.4,1729.1,1316.3,0.0,0.0,0.0,3869.5,27328.6,26114.0,0.0,0.0,0.0,5947.7,3653.8,84192.5,0.0,0.0,0.0,0.0
HER,EDI,0.0,0.0,0.0,0.0,0.0,5563.8,91240.2,18846.4,0.0,0.0,0.0,15850.0,5868.5,5868.5,0.0,0.0,0.0,15320.7,11885.6,114599.3,0.0,0.0,0.0,9933.4,2957.0,36647.1,0.0,0.0,0.0,0.0
HER,OTP,0.0,0.0,0.0,0.0,0.0,16742.3,3153.7,1614.8,0.0,0.0,0.0,39711.5,479.3,338.7,0.0,0.0,0.0,3897.1,462.6,16495.8,0.0,0.0,0.0,37215.4,5571.4,46995.6,0.0,0.0,0.0,0.0
HER,HER,0.0,0.0,0.0,0.0,0.0,0.0,0.0,0.0,0.0,0.0,0.0,0.0,0.0,0.0,0.0,0.0,0.0,0.0,0.0,0.0,0.0,0.0,0.0,0.0,0.0,0.0,0.0,0.0,0.0,0.0
HER,KEF,0.0,0.0,0.0,0.0,0.0,35352.4,18829.4,3458.3,0.0,0.0,0.0,6416.2,14271.3,5841.6,0.0,0.0,0.0,6433.0,752.5,1344.0,0.0,0.0,0.0,9356.5,6118.3,72462.6,0.0,0.0,0.0,0.0
HER,PMO,0.0,0.0,0.0,0.0,0.0,2527.7,4858.3,1764.4,0.0,0.0,0.0,66960.7,14102.8,1903.0,0.0,0.0,0.0,6437.7,12651.2,5047.1,0.0,0.0,0.0,14781.8,1159.4,8007.6,0.0,0.0,0.0,0.0
HER,FNC,0.0,0.0,0.0,0.0,0.0,3248.0,14232.5,1764.3,0.0,0.0,0.0,39508.9,13568.8,9830.2,0.0,0.0,0.0,10540.2,2911.6,29253.9,0.0,0.0,0.0,10274.8,1069.2,9101.2,0.0,0.0,0.0,0.0
KEF,LHR,0.0,0.0,0.0,0.0,0.0,8692.7,19926.0,2880.2,0.0,0.0,0.0,16053.4,4117.8,3096.6,0.0,0.0,0.0,7492.4,12755.5,6126.5,0.0,0.0,0.0,46492.1,7243.2,8967.6,0.0,0.0,0.0,0.0
KEF,CDG,0.0,0.0,0.0,0.0,0.0,64679.7,8509.1,2176.8,0.0,0.0,0.0,33627.9,7970.9,8728.5,0.0,0.0,0.0,3640.4,7749.1,35453.3,0.0,0.0,0.0,3388.7,4181.7,9953.0,0.0,0.0,0.0,0.0
KEF,AMS,0.0,0.0,0.0,0.0,0.0,56546.1,4888.1,6441.1,0.0,0.0,0.0,2850.0,62414.2,927.5,0.0,0.0,0.0,7179.2,19262.9,7827.1,0.0,0.0,0.0,17796.3,552.2,6362.7,0.0,0.0,0.0,0.0
KEF,FRA,0.0,0.0,0.0,0.0,0.0,1829.8,42314.1,7415.4,0.0,0.0,0.0,7451.6,3322.8,580.8,0.0,0.0,0.0,14762.6,6458.9,9143.6,0.0,0.0,0.0,28680.7,5108.1,5165.7,0.0,0.0,0.0,0.0
KEF,MAD,0.0,0.0,0.0,0.0,0.0,61851.6,84875.7,1922.8,0.0,0.0,0.0,2583.2,19741.3,1592.5,0.0,0.0,0.0,5242.1,19684.0,54029.9,0.0,0.0,0.0,10547.6,3792.1,5842.9,0.0,0.0,0.0,0.0
KEF,BCN,0.0,0.0,0.0,0.0,0.0,6465.5,4525.7,4187.2,0.0,0.0,0.0,33956.6,21737.8,2765.6,0.0,0.0,0.0,885.3,6127.0,14265.3,0.0,0.0,0.0,37225.1,2589.9,1131.6,0.0,0.0,0.0,0.0
KEF,MUC,0.0,0.0,0.0,0.0,0.0,15943.1,26945.9,1389.2,0.0,0.0,0.0,4527.2,1430.8,2365.6,0.0,0.0,0.0,318.3,5559.5,10539.2,0.0,0.0,0.0,43388.1,8222.1,9925.8,0.0,0.0,0.0,0.0
KEF,FCO,0.0,0.0,0.0,0.0,0.0,2525.0,8551.0,12093.9,0.0,0.0,0.0,15742.3,6479.1,4792.2,0.0,0.0,0.0,898.1,9614.2,87614.5,0.0,0.0,0.0,23562.0,616.7,28234.9,0.0,0.0,0.0,0.0
KEF,DUB,0.0,0.0,0.0,0.0,0.0,13701.4,5056.9,5118.3,0.0,0.0,0.0,6274.2,4251.3,4707.0,0.0,0.0,0.0,403.3,6057.6,28968.3,0.0,0.0,0.0,5889.7,2685.4,17000.9,0.0,0.0,0.0,0.0
KEF,ARN,0.0,0.0,0.0,0.0,0.0,33399.1,2906.1,2636.8,0.0,0.0,0.0,16868.1,272.0,104.5,0.0,0.0,0.0,7329.2,37151.9,3130.4,0.0,0.0,0.0,25436.2,4686.9,7438.0,0.0,0.0,0.0,0.0
KEF,LIS,0.0,0.0,0.0,0.0,0.0,2444.5,8232.5,124.0,0.0,0.0,0.0,58190.7,13403.1,2233.0,0.0,0.0,0.0,9860.3,3493.5,15296.6,0.0,0.0,0.0,6037.0,1530.1,8027.9,0.0,0.0,0.0,0.0
KEF,TXL,0.0,0.0,0.0,0.0,0.0,9909.5,22231.0,2048.0,0.0,0.0,0.0,1367.0,26297.0,7155.6,0.0,0.0,0.0,17989.0,30694.0,4854.1,0.0,0.0,0.0,19177.4,3297.2,23284.0,0.0,0.0,0.0,0.0
KEF,HEL,0.0,0.0,0.0,0.0,0.0,6759.1,5324.3,4867.4,0.0,0.0,0.0,3007.1,16184.9,12059.9,0.0,0.0,0.0,17542.6,24052.0,20730.8,0.0,0.0,0.0,35171.0,615.0,9699.2,0.0,0.0,0.0,0.0
KEF,WAW,0.0,0.0,0.0,0.0,0.0,1443.4,25652.0,9416.5,0.0,0.0,0.0,710.9,7314.0,2875.5,0.0,0.0,0.0,7735.8,1992.6,29571.5,0.0,0.0,0.0,6224.2,3734.4,18795.3,0.0,0.0,0.0,0.0
KEF,EDI,0.0,0.0,0.0,0.0,0.0,8652.7,13777.3,2820.7,0.0,0.0,0.0,67719.5,14539.3,349.6,0.0,0.0,0.0,740.1,2490.2,7524.6,0.0,0.0,0.0,9298.0,1221.3,7424.3,0.0,0.0,0.0,0.0
KEF,OTP,0.0,0.0,0.0,0.0,0.0,19482.7,94444.0,541.8,0.0,0.0,0.0,2294.7,8774.8,3710.5,0.0,0.0,0.0,1197.4,7148.2,21160.4,0.0,0.0,0.0,44201.0,6908.3,20072.5,0.0,0.0,0.0,0.0
KEF,HER,0.0,0.0,0.0,0.0,0.0,40100.6,14746.8,112.6,0.0,0.0,0.0,8711.1,27716.9,1181.9,0.0,0.0,0.0,1458.7,27406.7,30327.3,0.0,0.0,0.0,15553.4,13608.2,11207.5,0.0,0.0,0.0,0.0
KEF,KEF,0.0,0.0,0.0,0.0,0.0,0.0,0.0,0.0,0.0,0.0,0.0,0.0,0.0,0.0,0.0,0.0,0.0,0.0,0.0,0.0,0.0,0.0,0.0,0.0,0.0,0.0,0.0,0.0,0.0,0.0
KEF,PMO,0.0,0.0,0.0,0.0,0.0,31550.7,18531.4,1368.0,0.0,0.0,0.0,34494.0,2946.6,2003.6,0.0,0.0,0.0,4589.4,21686.2,26141.8,0.0,0.0,0.0,23989.6,1149.6,11329.4,0.0,0.0,0.0,0.0
KEF,FNC,0.0,0.0,0.0,0.0,0.0,15584.8,11425.3,2354.7,0.0,0.0,0.0,2263.9,3572.9,6497.7,0.0,0.0,0.0,4241.3,2574.2,33826.5,0.0,0.0,0.0,15922.3,4325.0,13908.5,0.0,0.0,0.0,0.0
PMO,LHR,0.0,0.0,0.0,0.0,0.0,2922.4,9858.7,2308.1,0.0,0.0,0.0,10614.0,6226.3,149.0,0.0,0.0,0.0,100093.5,7068.6,37884.3,0.0,0.0,0.0,17975.5,21232.2,12330.7,0.0,0.0,0.0,0.0
PMO,CDG,0.0,0.0,0.0,0.0,0.0,30934.4,3407.9,3505.6,0.0,0.0,0.0,65737.3,4337.5,10728.9,0.0,0.0,0.0,4000.9,3076.2,5297.6,0.0,0.0,0.0,5721.3,1100.1,39020.8,0.0,0.0,0.0,0.0
PMO,AMS,0.0,0.0,0.0,0.0,0.0,22217.5,4224.2,16391.3,0.0,0.0,0.0,11430.9,28918.5,1028.3,0.0,0.0,0.0,666.5,8649.8,3087.0,0.0,0.0,0.0,13257.1,1825.2,32451.6,0.0,0.0,0.0,0.0
PMO,FRA,0.0,0.0,0.0,0.0,0.0,3995.1,11439.3,1660.9,0.0,0.0,0.0,102.7,14526.7,1572.7,0.0,0.0,0.0,1782.6,18084.9,20690.9,0.0,0.0,0.0,29128.0,1405.6,13788.2,0.0,0.0,0.0,0.0
PMO,MAD,0.0,0.0,0.0,0.0,0.0,11081.2,8926.0,4027.8,0.0,0.0,0.0,37302.8,4878.1,729.9,0.0,0.0,0.0,4267.5,1427.0,29496.7,0.0,0.0,0.0,11850.4,11675.2,16698.8,0.0,0.0,0.0,0.0
PMO,BCN,0.0,0.0,0.0,0.0,0.0,4923.8,2061.3,19303.5,0.0,0.0,0.0,28741.4,4435.7,9991.4,0.0,0.0,0.0,569.6,17238.8,19021.0,0.0,0.0,0.0,1143.9,6008.4,21701.9,0.0,0.0,0.0,0.0
PMO,MUC,0.0,0.0,0.0,0.0,0.0,12059.3,38044.9,2437.5,0.0,0.0,0.0,2527.1,64777.0,10046.5,0.0,0.0,0.0,6221.1,5403.9,70752.5,0.0,0.0,0.0,34317.0,6498.8,2878.4,0.0,0.0,0.0,0.0
PMO,FCO,0.0,0.0,0.0,0.0,0.0,20689.9,45035.4,2750.8,0.0,0.0,0.0,1811.9,12232.0,60.2,0.0,0.0,0.0,8654.7,8564.6,18174.4,0.0,0.0,0.0,3457.7,8178.6,39377.2,0.0,0.0,0.0,0.0
PMO,DUB,0.0,0.0,0.0,0.0,0.0,987.7,8169.5,356.5,0.0,0.0,0.0,10603.0,17607.9,13244.1,0.0,0.0,0.0,1754.4,18173.5,4713.8,0.0,0.0,0.0,31063.4,2359.1,16097.8,0.0,0.0,0.0,0.0
PMO,ARN,0.0,0.0,0.0,0.0,0.0,24526.1,28022.8,4098.9,0.0,0.0,0.0,20206.7,3414.8,1151.0,0.0,0.0,0.0,21076.5,7692.4,10822.3,0.0,0.0,0.0,7740.2,1573.3,13219.9,0.0,0.0,0.0,0.0
PMO,LIS,0.0,0.0,0.0,0.0,0.0,8342.4,5229.7,2210.4,0.0,0.0,0.0,75246.5,6123.7,2354.1,0.0,0.0,0.0,2415.5,16318.9,21152.7,0.0,0.0,0.0,14967.6,5559.6,80636.5,0.0,0.0,0.0,0.0
PMO,TXL,0.0,0.0,0.0,0.0,0.0,9931.1,5749.4,8687.3,0.0,0.0,0.0,10685.6,6555.4,14734.3,0.0,0.0,0.0,9090.8,9119.5,11870.2,0.0,0.0,0.0,23664.0,893.2,7275.1,0.0,0.0,0.0,0.0
PMO,HEL,0.0,0.0,0.0,0.0,0.0,32628.5,5207.0,10615.9,0.0,0.0,0.0,24144.4,8844.0,562.9,0.0,0.0,0.0,1562.3,12710.5,14794.4,0.0,0.0,0.0,9880.6,10621.1,46094.2,0.0,0.0,0.0,0.0
PMO,WAW,0.0,0.0,0.0,0.0,0.0,23223.1,4983.8,724.1,0.0,0.0,0.0,54306.2,6071.4,12006.5,0.0,0.0,0.0,1988.5,1381.0,51623.6,0.0,0.0,0.0,13288.1,752.2,14275.7,0.0,0.0,0.0,0.0
PMO,EDI,0.0,0.0,0.0,0.0,0.0,21815.6,20719.7,5622.4,0.0,0.0,0.0,12925.2,8855.6,1907.7,0.0,0.0,0.0,860.7,35321.5,33680.1,0.0,0.0,0.0,9934.6,1640.6,8165.7,0.0,0.0,0.0,0.0
PMO,OTP,0.0,0.0,0.0,0.0,0.0,9405.3,6521.7,665.3,0.0,0.0,0.0,8004.2,14531.4,2082.8,0.0,0.0,0.0,10499.0,1400.0,9324.8,0.0,0.0,0.0,14886.2,17598.1,9339.9,0.0,0.0,0.0,0.0
PMO,HER,0.0,0.0,0.0,0.0,0.0,716.4,8868.3,1987.3,0.0,0.0,0.0,5845.1,6647.9,10321.2,0.0,0.0,0.0,5636.4,21579.2,3402.2,0.0,0.0,0.0,9783.0,193.2,1502.9,0.0,0.0,0.0,0.0
PMO,KEF,0.0,0.0,0.0,0.0,0.0,1991.8,32336.3,1880.6,0.0,0.0,0.0,22825.8,9387.8,5190.6,0.0,0.0,0.0,14452.5,712.1,9809.0,0.0,0.0,0.0,21233.5,3062.5,6878.9,0.0,0.0,0.0,0.0
PMO,PMO,0.0,0.0,0.0,0.0,0.0,0.0,0.0,0.0,0.0,0.0,0.0,0.0,0.0,0.0,0.0,0.0,0.0,0.0,0.0,0.0,0.0,0.0,0.0,0.0,0.0,0.0,0.0,0.0,0.0,0.0
PMO,FNC,0.0,0.0,0.0,0.0,0.0,20265.1,5999.2,13607.8,0.0,0.0,0.0,26528.2,29487.4,2107.5,0.0,0.0,0.0,2220.3,18819.8,14206.0,0.0,0.0,0.0,9517.0,6070.1,15057.4,0.0,0.0,0.0,0.0
FNC,LHR,0.0,0.0,0.0,0.0,0.0,11023.8,56987.7,4905.5,0.0,0.0,0.0,46345.1,1463.2,3645.0,0.0,0.0,0.0,2207.3,10197.0,27436.3,0.0,0.0,0.0,8731.4,33081.6,236.8,0.0,0.0,0.0,0.0
FNC,CDG,0.0,0.0,0.0,0.0,0.0,30097.9,14983.0,5495.2,0.0,0.0,0.0,28216.2,8899.5,5203.6,0.0,0.0,0.0,1608.6,5216.0,11773.7,0.0,0.0,0.0,16296.4,4477.0,8318.3,0.0,0.0,0.0,0.0
FNC,AMS,0.0,0.0,0.0,0.0,0.0,9988.1,27332.3,12534.0,0.0,0.0,0.0,16031.8,8032.4,5570.3,0.0,0.0,0.0,4173.7,2933.7,21203.6,0.0,0.0,0.0,22955.1,11456.5,12338.1,0.0,0.0,0.0,0.0
FNC,FRA,0.0,0.0,0.0,0.0,0.0,3738.5,22254.0,7406.8,0.0,0.0,0.0,30613.2,6419.1,895.4,0.0,0.0,0.0,6391.9,2333.6,4875.9,0.0,0.0,0.0,24484.2,2269.2,8382.0,0.0,0.0,0.0,0.0
FNC,MAD,0.0,0.0,0.0,0.0,0.0,5173.0,103.6,8481.6,0.0,0.0,0.0,9148.4,819.3,19637.9,0.0,0.0,0.0,14515.0,27736.7,2614.0,0.0,0.0,0.0,35224.7,1471.5,38882.0,0.0,0.0,0.0,0.0
FNC,BCN,0.0,0.0,0.0,0.0,0.0,1612.4,15649.1,2987.8,0.0,0.0,0.0,9002.7,2595.6,271.0,0.0,0.0,0.0,4106.2,9547.5,21141.0,0.0,0.0,0.0,28406.7,2760.8,17559.6,0.0,0.0,0.0,0.0
FNC,MUC,0.0,0.0,0.0,0.0,0.0,10656.5,1168.7,1531.6,0.0,0.0,0.0,26886.1,10083.9,8745.7,0.0,0.0,0.0,7801.7,14297.4,22039.0,0.0,0.0,0.0,8485.2,206.7,28030.5,0.0,0.0,0.0,0.0
FNC,FCO,0.0,0.0,0.0,0.0,0.0,8229.9,2947.3,1228.3,0.0,0.0,0.0,35408.4,7646.5,1219.3,0.0,0.0,0.0,7023.5,7284.7,87002.5,0.0,0.0,0.0,22588.2,1298.2,1620.6,0.0,0.0,0.0,0.0
FNC,DUB,0.0,0.0,0.0,0.0,0.0,3764.8,7159.2,2282.9,0.0,0.0,0.0,22845.4,17756.8,1059.0,0.0,0.0,0.0,6343.2,260.0,61.3,0.0,0.0,0.0,42586.1,6671.9,5682.7,0.0,0.0,0.0,0.0
FNC,ARN,0.0,0.0,0.0,0.0,0.0,5561.6,23462.3,3467.4,0.0,0.0,0.0,8551.3,4911.7,6894.5,0.0,0.0,0.0,9135.9,16712.6,883.8,0.0,0.0,0.0,70293.6,605.4,18312.8,0.0,0.0,0.0,0.0
FNC,LIS,0.0,0.0,0.0,0.0,0.0,5708.1,35080.2,1466.9,0.0,0.0,0.0,6913.1,4711.4,2766.6,0.0,0.0,0.0,1368.2,12893.7,7533.9,0.0,0.0,0.0,9226.7,2900.4,6836.3,0.0,0.0,0.0,0.0
FNC,TXL,0.0,0.0,0.0,0.0,0.0,2670.9,14085.9,6885.8,0.0,0.0,0.0,18417.5,3989.7,7146.3,0.0,0.0,0.0,14483.8,1009.8,9392.5,0.0,0.0,0.0,14275.8,3674.3,7919.1,0.0,0.0,0.0,0.0
FNC,HEL,0.0,0.0,0.0,0.0,0.0,18670.4,6927.5,9590.3,0.0,0.0,0.0,10360.1,1971.5,16628.2,0.0,0.0,0.0,38179.9,7823.2,23446.7,0.0,0.0,0.0,34624.5,1276.9,11078.8,0.0,0.0,0.0,0.0
FNC,WAW,0.0,0.0,0.0,0.0,0.0,6856.4,19692.6,1532.1,0.0,0.0,0.0,34503.7,19097.3,2064.3,0.0,0.0,0.0,12236.6,4191.6,25144.6,0.0,0.0,0.0,3362.2,934.9,3569.7,0.0,0.0,0.0,0.0
FNC,EDI,0.0,0.0,0.0,0.0,0.0,2731.4,21434.6,1280.9,0.0,0.0,0.0,4845.8,12043.7,5116.3,0.0,0.0,0.0,4773.8,7266.5,37994.9,0.0,0.0,0.0,7752.4,5585.2,10623.1,0.0,0.0,0.0,0.0
FNC,OTP,0.0,0.0,0.0,0.0,0.0,12434.3,3487.0,5743.8,0.0,0.0,0.0,11030.7,3005.8,1085.4,0.0,0.0,0.0,2214.5,39019.9,5628.9,0.0,0.0,0.0,35383.6,13905.0,30590.1,0.0,0.0,0.0,0.0
FNC,HER,0.0,0.0,0.0,0.0,0.0,9409.2,10081.0,8800.3,0.0,0.0,0.0,2293.7,9241.2,2048.4,0.0,0.0,0.0,412.3,5993.3,14519.0,0.0,0.0,0.0,3854.9,28930.1,12016.6,0.0,0.0,0.0,0.0
FNC,KEF,0.0,0.0,0.0,0.0,0.0,42532.4,8812.3,6095.2,0.0,0.0,0.0,9303.5,485.0,3385.4,0.0,0.0,0.0,5224.3,2505.5,12697.8,0.0,0.0,0.0,16842.5,30639.5,37976.1,0.0,0.0,0.0,0.0
FNC,PMO,0.0,0.0,0.0,0.0,0.0,15268.5,10915.2,926.1,0.0,0.0,0.0,45719.0,18104.4,2862.9,0.0,0.0,0.0,616.2,2554.0,57341.9,0.0,0.0,0.0,9332.6,3205.6,6251.8,0.0,0.0,0.0,0.0
FNC,FNC,0.0,0.0,0.0,0.0,0.0,0.0,0.0,0.0,0.0,0.0,0.0,0.0,0.0,0.0,0.0,0.0,0.0,0.0,0.0,0.0,0.0,0.0,0.0,0.0,0.0,0.0,0.0,0.0,0.0,0.0
