LHR;LHR;0,0;0,0;0,0;0,0;0,0;0,0;0,0;0,0;0,0;0,0;0,0;0,0;0,0;0,0;0,0;0,0;0,0;0,0;0,0;0,0;0,0;0,0;0,0;0,0;0,0;0,0;0,0;0,0;0,0;0,0
LHR;CDG;0,0;0,0;0,0;0,0;0,0;94.055,4;43.780,9;21.479,3;0,0;0,0;0,0;5.144,6;8.972,7;6.403,3;0,0;0,0;0,0;8.736,5;432.644,5;122.598,5;0,0;0,0;0,0;73.939,4;3.351,0;49.431,1;0,0;0,0;0,0;0,0
LHR;AMS;0,0;0,0;0,0;0,0;0,0;29.907,2;218.383,5;5.711,5;0,0;0,0;0,0;194.794,7;98.392,3;9.698,2;0,0;0,0;0,0;77.617,4;4.719,9;9.821,4;0,0;0,0;0,0;49.525,7;12.727,4;17.962,9;0,0;0,0;0,0;0,0
LHR;FRA;0,0;0,0;0,0;0,0;0,0;69.883,9;109.200,5;5.350,4;0,0;0,0;0,0;65.307,6;11.292,9;17.111,3;0,0;0,0;0,0;8.523,5;4.449,8;72.749,3;0,0;0,0;0,0;53.961,0;13.185,9;41.064,2;0,0;0,0;0,0;0,0
LHR;MAD;0,0;0,0;0,0;0,0;0,0;26.209,6;87.017,6;10.556,7;0,0;0,0;0,0;38.210,7;37.067,9;7.131,2;0,0;0,0;0,0;2.137,5;43.895,8;6.974,1;0,0;0,0;0,0;110.850,3;11.981,9;62.746,3;0,0;0,0;0,0;0,0
LHR;BCN;0,0;0,0;0,0;0,0;0,0;19.939,6;9.418,0;1.198,3;0,0;0,0;0,0;390,0;430,2;1.811,6;0,0;0,0;0,0;10.202,9;6.243,6;19.043,5;0,0;0,0;0,0;11.026,7;5.486,8;23.084,9;0,0;0,0;0,0;0,0
LHR;MUC;0,0;0,0;0,0;0,0;0,0;12.687,7;24.472,1;2.714,9;0,0;0,0;0,0;13.685,7;8.926,0;13.664,6;0,0;0,0;0,0;13.494,9;22.115,1;4.124,3;0,0;0,0;0,0;2.944,5;3.001,3;4.070,3;0,0;0,0;0,0;0,0
LHR;FCO;0,0;0,0;0,0;0,0;0,0;4.955,0;23.522,4;1.152,7;0,0;0,0;0,0;55.931,7;8.653,6;782,8;0,0;0,0;0,0;7.809,8;959,7;4.679,3;0,0;0,0;0,0;14.289,0;5.405,9;30.070,8;0,0;0,0;0,0;0,0
LHR;DUB;0,0;0,0;0,0;0,0;0,0;6.554,0;14.887,7;5.034,9;0,0;0,0;0,0;13.166,5;4.409,6;1.943,1;0,0;0,0;0,0;9.649,8;3.310,6;45.932,1;0,0;0,0;0,0;44.717,3;30.862,0;18.331,5;0,0;0,0;0,0;0,0
LHR;ARN;0,0;0,0;0,0;0,0;0,0;14.038,0;17.158,0;2.937,1;0,0;0,0;0,0;564,2;18.770,0;960,6;0,0;0,0;0,0;2.153,3;992,0;26.612,0;0,0;0,0;0,0;6.064,1;3.081,2;7.605,7;0,0;0,0;0,0;0,0
LHR;LIS;0,0;0,0;0,0;0,0;0,0;16.458,3;2.761,1;1.446,6;0,0;0,0;0,0;40.169,8;1.100,2;4.025,8;0,0;0,0;0,0;13.013,3;5.195,8;18.086,9;0,0;0,0;0,0;1.857,1;7.134,6;2.728,6;0,0;0,0;0,0;0,0
LHR;TXL;0,0;0,0;0,0;0,0;0,0;53.466,8;9.315,5;14.593,6;0,0;0,0;0,0;27.969,4;37.984,1;3.423,1;0,0;0,0;0,0;321,1;478,1;15.560,8;0,0;0,0;0,0;5.612,9;9.226,7;71.587,9;0,0;0,0;0,0;0,0
LHR;HEL;0,0;0,0;0,0;0,0;0,0;4.652,3;17.907,8;3.869,6;0,0;0,0;0,0;2.025,9;30.082,8;3.655,8;0,0;0,0;0,0;1.928,5;55.918,3;17.730,5;0,0;0,0;0,0;1.056,7;6.261,7;1.391,5;0,0;0,0;0,0;0,0
LHR;WAW;0,0;0,0;0,0;0,0;0,0;603,0;1.296,3;2.378,3;0,0;0,0;0,0;14.361,3;9.706,6;12.255,9;0,0;0,0;0,0;7.132,3;41.042,1;5.382,9;0,0;0,0;0,0;10.731,8;2.108,8;12.635,7;0,0;0,0;0,0;0,0
LHR;EDI;0,0;0,0;0,0;0,0;0,0;12.496,0;30.750,9;1.282,4;0,0;0,0;0,0;24.258,8;13.456,3;6.728,5;0,0;0,0;0,0;3.004,4;28.146,6;27,1;0,0;0,0;0,0;7.660,6;6.631,9;36.203,8;0,0;0,0;0,0;0,0
LHR;OTP;0,0;0,0;0,0;0,0;0,0;11.287,6;3.211,8;2.967,8;0,0;0,0;0,0;14.866,6;6.413,5;6.426,6;0,0;0,0;0,0;3.312,4;11.638,1;19.490,8;0,0;0,0;0,0;18.431,1;2.657,8;3.594,5;0,0;0,0;0,0;0,0
LHR;HER;0,0;0,0;0,0;0,0;0,0;15.992,4;10.674,9;3.184,4;0,0;0,0;0,0;4.620,3;10.628,1;481,3;0,0;0,0;0,0;20.964,5;8.064,0;20.806,6;0,0;0,0;0,0;23.099,4;2.931,7;4.047,2;0,0;0,0;0,0;0,0
LHR;KEF;0,0;0,0;0,0;0,0;0,0;13.730,0;5.383,7;992,7;0,0;0,0;0,0;110.897,2;30.320,4;2.804,9;0,0;0,0;0,0;7.766,9;18.583,3;2.579,4;0,0;0,0;0,0;50.420,2;2.833,5;16.457,1;0,0;0,0;0,0;0,0
LHR;PMO;0,0;0,0;0,0;0,0;0,0;2.454,2;9.904,8;722,7;0,0;0,0;0,0;18.634,5;16.768,5;820,4;0,0;0,0;0,0;5.386,6;13.188,3;19.224,0;0,0;0,0;0,0;18.434,8;12.337,9;2.891,7;0,0;0,0;0,0;0,0
LHR;FNC;0,0;0,0;0,0;0,0;0,0;12.245,6;16.980,3;1.975,2;0,0;0,0;0,0;6.380,6;7.888,8;1.515,1;0,0;0,0;0,0;913,4;16.127,1;11.161,9;0,0;0,0;0,0;12.016,5;6.065,1;14.776,7;0,0;0,0;0,0;0,0
CDG;LHR;0,0;0,0;0,0;0,0;0,0;81.473,1;124.040,3;5.241,4;0,0;0,0;0,0;23.438,0;5.738,3;27.030,1;0,0;0,0;0,0;21.499,7;29.302,3;27.959,7;0,0;0,0;0,0;10.750,8;58.023,6;64.784,1;0,0;0,0;0,0;0,0
CDG;CDG;0,0;0,0;0,0;0,0;0,0;0,0;0,0;0,0;0,0;0,0;0,0;0,0;0,0;0,0;0,0;0,0;0,0;0,0;0,0;0,0;0,0;0,0;0,0;0,0;0,0;0,0;0,0;0,0;0,0;0,0
CDG;AMS;0,0;0,0;0,0;0,0;0,0;5.064,9;488.619,8;67.792,5;0,0;0,0;0,0;143.739,6;115.396,7;28.377,7;0,0;0,0;0,0;12.616,6;4.010,3;3.099,1;0,0;0,0;0,0;76.809,6;14.491,8;47.397,6;0,0;0,0;0,0;0,0
CDG;FRA;0,0;0,0;0,0;0,0;0,0;37.471,6;180.428,1;4.222,1;0,0;0,0;0,0;36.752,6;5.961,2;33.913,3;0,0;0,0;0,0;3.848,7;7.628,8;58.784,3;0,0;0,0;0,0;24.489,5;10.488,9;78.403,8;0,0;0,0;0,0;0,0
CDG;MAD;0,0;0,0;0,0;0,0;0,0;138.731,5;30.337,1;7.083,7;0,0;0,0;0,0;13.514,8;100.124,4;570,4;0,0;0,0;0,0;175.274,7;102.758,5;17.720,2;0,0;0,0;0,0;11.567,5;20.202,7;4.575,2;0,0;0,0;0,0;0,0
CDG;BCN;0,0;0,0;0,0;0,0;0,0;8.141,5;6.754,4;2.494,6;0,0;0,0;0,0;25.993,4;23.227,1;3.078,9;0,0;0,0;0,0;13.656,2;13.161,2;7.336,7;0,0;0,0;0,0;11.876,5;1.661,9;11.126,4;0,0;0,0;0,0;0,0
CDG;MUC;0,0;0,0;0,0;0,0;0,0;3.515,2;9.934,6;6.620,5;0,0;0,0;0,0;2.968,3;5.523,6;7.131,1;0,0;0,0;0,0;9.558,8;9.497,8;8.248,9;0,0;0,0;0,0;1.821,7;4.058,9;2.504,0;0,0;0,0;0,0;0,0
CDG;FCO;0,0;0,0;0,0;0,0;0,0;9.245,0;16.467,6;10.072,2;0,0;0,0;0,0;1.133,4;5.928,8;1.173,8;0,0;0,0;0,0;2.755,9;7.222,1;77.238,5;0,0;0,0;0,0;10.560,7;2.365,4;33.843,3;0,0;0,0;0,0;0,0
CDG;DUB;0,0;0,0;0,0;0,0;0,0;24.380,4;47.629,7;497,5;0,0;0,0;0,0;23.236,5;2.478,8;2.082,9;0,0;0,0;0,0;3.201,8;2.915,0;276,9;0,0;0,0;0,0;17.038,7;1.206,5;28.449,4;0,0;0,0;0,0;0,0
CDG;ARN;0,0;0,0;0,0;0,0;0,0;1.761,6;17.264,3;9.118,6;0,0;0,0;0,0;2.153,5;15.095,1;4.135,6;0,0;0,0;0,0;2.640,1;6.960,3;9.498,8;0,0;0,0;0,0;39.932,7;1.854,9;19.034,3;0,0;0,0;0,0;0,0
CDG;LIS;0,0;0,0;0,0;0,0;0,0;15.285,5;4.090,9;4.622,1;0,0;0,0;0,0;26.606,4;7.511,4;4.388,0;0,0;0,0;0,0;7.589,7;2.721,1;2.425,3;0,0;0,0;0,0;35.912,1;12.105,0;24.914,7;0,0;0,0;0,0;0,0
CDG;TXL;0,0;0,0;0,0;0,0;0,0;2.809,2;22.085,2;1.878,2;0,0;0,0;0,0;7.654,1;48.219,1;420,6;0,0;0,0;0,0;464,1;22.362,0;40.519,9;0,0;0,0;0,0;10.778,9;1.386,9;21.500,9;0,0;0,0;0,0;0,0
CDG;HEL;0,0;0,0;0,0;0,0;0,0;4.600,2;5.130,4;1.923,0;0,0;0,0;0,0;24.364,9;17.819,0;2.378,7;0,0;0,0;0,0;5.558,2;4.298,3;16.670,4;0,0;0,0;0,0;39.720,4;1.850,1;20.757,6;0,0;0,0;0,0;0,0
CDG;WAW;0,0;0,0;0,0;0,0;0,0;4.224,7;674,3;2.802,3;0,0;0,0;0,0;69.899,0;7.104,4;3.502,3;0,0;0,0;0,0;3.460,5;11.392,1;3.495,2;0,0;0,0;0,0;2.425,7;3.670,7;17.698,8;0,0;0,0;0,0;0,0
CDG;EDI;0,0;0,0;0,0;0,0;0,0;16.863,7;20.628,9;7.543,4;0,0;0,0;0,0;6.787,8;9.487,3;8.322,0;0,0;0,0;0,0;12.583,9;17.308,8;1.103,8;0,0;0,0;0,0;7.168,3;7.788,5;26.324,8;0,0;0,0;0,0;0,0
CDG;OTP;0,0;0,0;0,0;0,0;0,0;13.697,5;8.679,2;1.375,2;0,0;0,0;0,0;8.425,1;4.050,9;2.762,7;0,0;0,0;0,0;15.812,3;3.216,9;36.322,3;0,0;0,0;0,0;8.722,4;3.508,4;1.017,4;0,0;0,0;0,0;0,0
CDG;HER;0,0;0,0;0,0;0,0;0,0;2.324,3;24.193,2;8.933,7;0,0;0,0;0,0;35.349,8;5.016,9;7.557,4;0,0;0,0;0,0;4.044,8;2.974,1;2.580,7;0,0;0,0;0,0;5.887,2;1.829,4;40.647,6;0,0;0,0;0,0;0,0
CDG;KEF;0,0;0,0;0,0;0,0;0,0;830,6;17.996,8;8.561,2;0,0;0,0;0,0;12.921,9;9.376,7;5.704,1;0,0;0,0;0,0;1.203,4;5.141,0;6.670,8;0,0;0,0;0,0;35.108,4;336,5;24.101,7;0,0;0,0;0,0;0,0
CDG;PMO;0,0;0,0;0,0;0,0;0,0;4.195,3;11.561,8;7.002,3;0,0;0,0;0,0;19.686,2;14.338,9;1.167,8;0,0;0,0;0,0;15.082,3;36.587,5;30.734,2;0,0;0,0;0,0;11.326,3;7.605,2;757,1;0,0;0,0;0,0;0,0
CDG;FNC;0,0;0,0;0,0;0,0;0,0;4.532,1;4.727,8;530,2;0,0;0,0;0,0;33.059,6;2.082,2;5.198,1;0,0;0,0;0,0;7.812,9;4.147,5;2.446,7;0,0;0,0;0,0;42.667,8;1.792,3;82.045,2;0,0;0,0;0,0;0,0
AMS;LHR;0,0;0,0;0,0;0,0;0,0;73.055,9;101.429,6;5.041,2;0,0;0,0;0,0;27.023,2;3.173,1;4.092,5;0,0;0,0;0,0;5.227,1;47.514,4;11.347,9;0,0;0,0;0,0;17.841,6;16.938,1;96.321,3;0,0;0,0;0,0;0,0
AMS;CDG;0,0;0,0;0,0;0,0;0,0;3.121,3;47.055,5;3.635,1;0,0;0,0;0,0;241.004,1;234.004,0;2.805,1;0,0;0,0;0,0;11.934,8;50.223,6;65.388,5;0,0;0,0;0,0;48.210,3;19.080,8;36.599,1;0,0;0,0;0,0;0,0
AMS;AMS;0,0;0,0;0,0;0,0;0,0;0,0;0,0;0,0;0,0;0,0;0,0;0,0;0,0;0,0;0,0;0,0;0,0;0,0;0,0;0,0;0,0;0,0;0,0;0,0;0,0;0,0;0,0;0,0;0,0;0,0
AMS;FRA;0,0;0,0;0,0;0,0;0,0;73.748,9;73.957,9;34.507,0;0,0;0,0;0,0;63.858,4;53.605,6;10.528,1;0,0;0,0;0,0;36.434,1;71.730,6;11.763,9;0,0;0,0;0,0;31.741,5;14.913,8;35.193,7;0,0;0,0;0,0;0,0
AMS;MAD;0,0;0,0;0,0;0,0;0,0;45.778,3;29.876,8;10.267,2;0,0;0,0;0,0;65.808,6;64.535,3;16.035,1;0,0;0,0;0,0;4.809,5;3.519,0;62.065,3;0,0;0,0;0,0;8.016,1;34.913,1;49.352,7;0,0;0,0;0,0;0,0
AMS;BCN;0,0;0,0;0,0;0,0;0,0;1.483,6;2.494,6;538,8;0,0;0,0;0,0;17.138,6;1.015,7;268,7;0,0;0,0;0,0;2.744,0;83.411,4;16.088,8;0,0;0,0;0,0;74.505,3;1.439,7;42.488,0;0,0;0,0;0,0;0,0
AMS;MUC;0,0;0,0;0,0;0,0;0,0;2.471,5;16.603,5;28.169,0;0,0;0,0;0,0;4.713,9;1.331,7;1.231,6;0,0;0,0;0,0;4.208,6;2.767,0;3.595,1;0,0;0,0;0,0;23.803,6;2.490,3;24.090,7;0,0;0,0;0,0;0,0
AMS;FCO;0,0;0,0;0,0;0,0;0,0;31.278,5;13.238,5;2.464,2;0,0;0,0;0,0;28.284,5;1.106,8;2.023,9;0,0;0,0;0,0;304,1;8.155,8;16.771,9;0,0;0,0;0,0;18.599,2;3.424,2;983,4;0,0;0,0;0,0;0,0
AMS;DUB;0,0;0,0;0,0;0,0;0,0;36.876,2;1.874,7;367,2;0,0;0,0;0,0;100.065,2;3.486,0;5.899,9;0,0;0,0;0,0;752,4;8.618,1;9.352,5;0,0;0,0;0,0;23.122,2;2.045,3;64.942,8;0,0;0,0;0,0;0,0
AMS;ARN;0,0;0,0;0,0;0,0;0,0;37.771,7;9.220,6;11.314,2;0,0;0,0;0,0;20.375,2;10.016,0;11.053,9;0,0;0,0;0,0;1.916,7;8.261,5;6.004,7;0,0;0,0;0,0;18.076,0;14.068,7;3.376,8;0,0;0,0;0,0;0,0
AMS;LIS;0,0;0,0;0,0;0,0;0,0;6.505,4;5.127,5;2.039,9;0,0;0,0;0,0;23.580,2;20.926,2;1.190,8;0,0;0,0;0,0;1.042,6;676,7;36.662,2;0,0;0,0;0,0;23.161,0;10.722,2;20.896,8;0,0;0,0;0,0;0,0
AMS;TXL;0,0;0,0;0,0;0,0;0,0;16.901,3;37.791,1;2.888,1;0,0;0,0;0,0;8.954,3;20.036,2;1.300,0;0,0;0,0;0,0;194,3;5.381,3;12.546,5;0,0;0,0;0,0;5.204,4;9.907,6;29.116,7;0,0;0,0;0,0;0,0
AMS;HEL;0,0;0,0;0,0;0,0;0,0;1.659,5;34.654,5;1.548,2;0,0;0,0;0,0;92.917,8;52.767,9;10.199,1;0,0;0,0;0,0;10.501,9;9.861,0;70.657,4;0,0;0,0;0,0;6.066,9;2.556,6;8.611,3;0,0;0,0;0,0;0,0
AMS;WAW;0,0;0,0;0,0;0,0;0,0;4.881,6;24.537,7;8.506,6;0,0;0,0;0,0;30.166,3;1.250,5;639,0;0,0;0,0;0,0;6.686,7;13.516,5;1.734,2;0,0;0,0;0,0;16.655,5;1.474,8;20.522,3;0,0;0,0;0,0;0,0
AMS;EDI;0,0;0,0;0,0;0,0;0,0;29.003,8;2.274,7;11.693,2;0,0;0,0;0,0;9.745,5;6.900,1;1.078,4;0,0;0,0;0,0;6.768,5;3.383,8;3.215,7;0,0;0,0;0,0;15.570,5;5.071,8;59.617,7;0,0;0,0;0,0;0,0
AMS;OTP;0,0;0,0;0,0;0,0;0,0;14.431,4;39.876,0;2.419,7;0,0;0,0;0,0;26.365,1;5.701,8;3.471,3;0,0;0,0;0,0;4.523,4;20.297,3;21.041,6;0,0;0,0;0,0;12.298,6;10.574,9;5.889,3;0,0;0,0;0,0;0,0
AMS;HER;0,0;0,0;0,0;0,0;0,0;8.536,4;11.645,3;754,7;0,0;0,0;0,0;719,8;6.727,3;1.591,2;0,0;0,0;0,0;7.524,7;9.941,8;76.152,7;0,0;0,0;0,0;17.785,4;2.636,7;6.891,9;0,0;0,0;0,0;0,0
AMS;KEF;0,0;0,0;0,0;0,0;0,0;5.556,5;2.800,8;3.332,8;0,0;0,0;0,0;17.627,2;8.008,7;1.025,3;0,0;0,0;0,0;1.174,2;10.331,8;22.561,2;0,0;0,0;0,0;13.023,1;3.380,4;7.345,8;0,0;0,0;0,0;0,0
AMS;PMO;0,0;0,0;0,0;0,0;0,0;2.865,0;4.196,8;10.796,9;0,0;0,0;0,0;7.437,4;5.805,2;3.039,8;0,0;0,0;0,0;6.224,0;10.969,1;11.383,5;0,0;0,0;0,0;18.703,4;1.984,3;49.189,9;0,0;0,0;0,0;0,0
AMS;FNC;0,0;0,0;0,0;0,0;0,0;106.320,9;15.733,2;7.021,4;0,0;0,0;0,0;1.353,0;6.398,3;2.758,8;0,0;0,0;0,0;1.183,8;2.235,2;22.282,3;0,0;0,0;0,0;8.805,2;2.098,9;53.980,2;0,0;0,0;0,0;0,0
FRA;LHR;0,0;0,0;0,0;0,0;0,0;63.849,9;47.159,7;15.601,3;0,0;0,0;0,0;29.075,6;19.790,6;18.972,1;0,0;0,0;0,0;12.156,7;3.076,8;17.941,9;0,0;0,0;0,0;58,9;638,1;12.913,9;0,0;0,0;0,0;0,0
FRA;CDG;0,0;0,0;0,0;0,0;0,0;9.390,7;11.451,5;4.040,6;0,0;0,0;0,0;44.959,3;21.113,1;2.984,1;0,0;0,0;0,0;12.835,2;22.419,7;33.902,6;0,0;0,0;0,0;184.449,3;26.282,1;66.098,3;0,0;0,0;0,0;0,0
FRA;AMS;0,0;0,0;0,0;0,0;0,0;4.960,5;1.038,2;30.566,9;0,0;0,0;0,0;111.874,2;44.776,7;1.595,4;0,0;0,0;0,0;18.235,5;22.412,4;1.106,9;0,0;0,0;0,0;16.831,8;48.993,1;99.092,4;0,0;0,0;0,0;0,0
FRA;FRA;0,0;0,0;0,0;0,0;0,0;0,0;0,0;0,0;0,0;0,0;0,0;0,0;0,0;0,0;0,0;0,0;0,0;0,0;0,0;0,0;0,0;0,0;0,0;0,0;0,0;0,0;0,0;0,0;0,0;0,0
FRA;MAD;0,0;0,0;0,0;0,0;0,0;173.053,9;15.937,8;14.083,7;0,0;0,0;0,0;20.872,8;62.794,3;23.117,3;0,0;0,0;0,0;10.138,7;21.622,4;38.894,7;0,0;0,0;0,0;6.499,6;14.542,2;43.598,8;0,0;0,0;0,0;0,0
FRA;BCN;0,0;0,0;0,0;0,0;0,0;21.043,4;13.334,3;9.631,6;0,0;0,0;0,0;9,4;4.650,6;2.255,6;0,0;0,0;0,0;5.030,3;7.419,7;8.333,4;0,0;0,0;0,0;39.617,5;10.765,3;14.804,7;0,0;0,0;0,0;0,0
FRA;MUC;0,0;0,0;0,0;0,0;0,0;45.761,8;38.590,7;1.983,0;0,0;0,0;0,0;555,0;1.438,2;5.775,8;0,0;0,0;0,0;14.934,8;14.812,8;30.088,9;0,0;0,0;0,0;15.890,3;151,4;9.519,7;0,0;0,0;0,0;0,0
FRA;FCO;0,0;0,0;0,0;0,0;0,0;8.611,7;10.276,7;2.749,9;0,0;0,0;0,0;4.843,4;22.108,9;1.645,7;0,0;0,0;0,0;14.963,2;4.704,1;9.890,0;0,0;0,0;0,0;6.991,9;1.456,9;8.476,6;0,0;0,0;0,0;0,0
FRA;DUB;0,0;0,0;0,0;0,0;0,0;5.788,0;24.122,3;6.366,0;0,0;0,0;0,0;5.594,6;18.837,2;1.944,6;0,0;0,0;0,0;11.946,4;8.417,2;4.289,6;0,0;0,0;0,0;9.517,4;10.340,0;5.875,4;0,0;0,0;0,0;0,0
FRA;ARN;0,0;0,0;0,0;0,0;0,0;7.051,8;40.615,3;5.367,7;0,0;0,0;0,0;11.347,7;4.657,5;4.706,3;0,0;0,0;0,0;2.411,9;7.054,5;7.026,9;0,0;0,0;0,0;29.892,7;18.004,0;1.494,7;0,0;0,0;0,0;0,0
FRA;LIS;0,0;0,0;0,0;0,0;0,0;6.169,1;10.019,0;8.233,9;0,0;0,0;0,0;17.296,6;41.097,8;4.083,6;0,0;0,0;0,0;1.897,4;12.926,0;14.128,9;0,0;0,0;0,0;5.072,8;11.966,6;757,5;0,0;0,0;0,0;0,0
FRA;TXL;0,0;0,0;0,0;0,0;0,0;190.109,9;1.953,5;6.913,4;0,0;0,0;0,0;8.403,1;45.118,6;13.636,4;0,0;0,0;0,0;12.068,3;13.614,2;10.036,4;0,0;0,0;0,0;16.511,9;6.546,9;2.014,7;0,0;0,0;0,0;0,0
FRA;HEL;0,0;0,0;0,0;0,0;0,0;2.936,7;6.818,2;1.642,9;0,0;0,0;0,0;658,6;21.520,1;2.194,0;0,0;0,0;0,0;7.044,3;4.362,2;1.007,7;0,0;0,0;0,0;5.911,1;9.716,8;9.011,6;0,0;0,0;0,0;0,0
FRA;WAW;0,0;0,0;0,0;0,0;0,0;6.979,3;11.020,9;1.366,8;0,0;0,0;0,0;8.155,3;12.556,1;4.320,7;0,0;0,0;0,0;3.929,1;7.946,1;56.426,4;0,0;0,0;0,0;14.605,3;2.773,2;7.577,2;0,0;0,0;0,0;0,0
FRA;EDI;0,0;0,0;0,0;0,0;0,0;18.937,1;40.538,3;1.371,1;0,0;0,0;0,0;34.576,4;7.214,1;1.904,1;0,0;0,0;0,0;458,0;579,6;6.564,1;0,0;0,0;0,0;11.624,9;1.254,9;4.906,4;0,0;0,0;0,0;0,0
FRA;OTP;0,0;0,0;0,0;0,0;0,0;586,2;121.751,6;1.556,9;0,0;0,0;0,0;14.922,5;6.410,6;15.786,6;0,0;0,0;0,0;16.504,1;9.298,2;44.010,1;0,0;0,0;0,0;495,3;261,1;1.225,1;0,0;0,0;0,0;0,0
FRA;HER;0,0;0,0;0,0;0,0;0,0;800,2;3.511,8;1.157,1;0,0;0,0;0,0;27.422,2;21.187,7;5.656,3;0,0;0,0;0,0;529,2;513,4;17.752,6;0,0;0,0;0,0;72.351,4;3.723,0;90.805,2;0,0;0,0;0,0;0,0
FRA;KEF;0,0;0,0;0,0;0,0;0,0;29.130,0;15.868,0;1.238,6;0,0;0,0;0,0;5.183,5;46.646,5;668,0;0,0;0,0;0,0;1.294,7;5.583,4;2.877,1;0,0;0,0;0,0;19.810,4;9.407,2;11.783,1;0,0;0,0;0,0;0,0
FRA;PMO;0,0;0,0;0,0;0,0;0,0;3.785,2;22.080,4;4.881,6;0,0;0,0;0,0;7.923,8;3.706,5;4.279,3;0,0;0,0;0,0;3.215,5;4.480,1;54.082,7;0,0;0,0;0,0;64.849,1;15.897,3;70.555,9;0,0;0,0;0,0;0,0
FRA;FNC;0,0;0,0;0,0;0,0;0,0;4.379,4;32.456,7;3.798,8;0,0;0,0;0,0;10.206,3;3.000,1;5.057,0;0,0;0,0;0,0;19.080,2;5.171,6;15.669,4;0,0;0,0;0,0;1.442,9;11.983,4;48.118,0;0,0;0,0;0,0;0,0
MAD;LHR;0,0;0,0;0,0;0,0;0,0;5.381,4;74.185,0;3.660,4;0,0;0,0;0,0;35.558,8;64.300,7;9.779,1;0,0;0,0;0,0;22.863,9;13.456,6;22.225,0;0,0;0,0;0,0;23.336,9;4.529,1;52.899,7;0,0;0,0;0,0;0,0
MAD;CDG;0,0;0,0;0,0;0,0;0,0;37.612,5;65.251,6;9.588,2;0,0;0,0;0,0;20.748,0;27.862,4;9.202,7;0,0;0,0;0,0;9.187,4;24.922,0;35.376,0;0,0;0,0;0,0;16.825,5;12.274,9;65.708,4;0,0;0,0;0,0;0,0
MAD;AMS;0,0;0,0;0,0;0,0;0,0;36.810,3;2.623,5;250,4;0,0;0,0;0,0;6.119,3;11.254,3;1.057,5;0,0;0,0;0,0;8.035,4;17.287,3;97.799,6;0,0;0,0;0,0;139.720,7;29.034,8;26.197,6;0,0;0,0;0,0;0,0
MAD;FRA;0,0;0,0;0,0;0,0;0,0;124.332,0;48.275,9;12.131,6;0,0;0,0;0,0;250,7;8.401,2;5.466,0;0,0;0,0;0,0;27.320,7;20.138,5;20.571,2;0,0;0,0;0,0;5.834,5;23.470,8;56.632,4;0,0;0,0;0,0;0,0
MAD;MAD;0,0;0,0;0,0;0,0;0,0;0,0;0,0;0,0;0,0;0,0;0,0;0,0;0,0;0,0;0,0;0,0;0,0;0,0;0,0;0,0;0,0;0,0;0,0;0,0;0,0;0,0;0,0;0,0;0,0;0,0
MAD;BCN;0,0;0,0;0,0;0,0;0,0;25.077,6;43.877,2;5.981,7;0,0;0,0;0,0;6.326,1;11.422,4;535,2;0,0;0,0;0,0;229,3;9.367,4;8.924,3;0,0;0,0;0,0;2.813,6;4.943,0;11.637,5;0,0;0,0;0,0;0,0
MAD;MUC;0,0;0,0;0,0;0,0;0,0;341,3;17.255,0;5.123,0;0,0;0,0;0,0;4.116,8;15.637,4;5.028,5;0,0;0,0;0,0;7.790,5;28.631,8;11.462,0;0,0;0,0;0,0;13.022,9;2.033,1;40.371,9;0,0;0,0;0,0;0,0
MAD;FCO;0,0;0,0;0,0;0,0;0,0;2.668,7;76.392,7;6.670,9;0,0;0,0;0,0;22.538,4;13.267,4;2.415,4;0,0;0,0;0,0;4.995,1;10.236,9;32.986,3;0,0;0,0;0,0;8.771,2;601,1;5.652,5;0,0;0,0;0,0;0,0
MAD;DUB;0,0;0,0;0,0;0,0;0,0;38.187,7;3.976,5;10.037,8;0,0;0,0;0,0;59.344,5;29.935,9;750,4;0,0;0,0;0,0;10.255,3;5.325,7;16.790,4;0,0;0,0;0,0;13.132,6;3.232,3;1.162,7;0,0;0,0;0,0;0,0
MAD;ARN;0,0;0,0;0,0;0,0;0,0;17.824,4;4.845,0;1.704,8;0,0;0,0;0,0;36.185,2;55.946,8;1.881,1;0,0;0,0;0,0;4.131,2;28.351,4;42.666,5;0,0;0,0;0,0;3.082,2;5.134,2;5.081,0;0,0;0,0;0,0;0,0
MAD;LIS;0,0;0,0;0,0;0,0;0,0;20.020,2;104.059,9;1.774,3;0,0;0,0;0,0;784,9;18.718,7;4.190,8;0,0;0,0;0,0;1.608,1;1.219,5;18.632,8;0,0;0,0;0,0;1.840,6;1.125,7;24.101,1;0,0;0,0;0,0;0,0
MAD;TXL;0,0;0,0;0,0;0,0;0,0;17.741,2;28.179,9;9.260,5;0,0;0,0;0,0;16.796,6;5.360,5;5.274,0;0,0;0,0;0,0;53,5;30.716,2;28.464,0;0,0;0,0;0,0;10.459,6;538,3;4.803,7;0,0;0,0;0,0;0,0
MAD;HEL;0,0;0,0;0,0;0,0;0,0;29.010,8;393,1;1.416,5;0,0;0,0;0,0;33.860,2;10.116,8;5.740,1;0,0;0,0;0,0;7.699,5;13.679,3;2.905,5;0,0;0,0;0,0;76.022,9;10.403,4;23.233,9;0,0;0,0;0,0;0,0
MAD;WAW;0,0;0,0;0,0;0,0;0,0;13.518,3;14.024,6;1.322,9;0,0;0,0;0,0;12.780,4;12.041,7;1.544,2;0,0;0,0;0,0;8.054,3;3.046,8;3.371,9;0,0;0,0;0,0;31.888,0;12.822,5;27.650,4;0,0;0,0;0,0;0,0
MAD;EDI;0,0;0,0;0,0;0,0;0,0;3.507,1;7.722,9;3.307,1;0,0;0,0;0,0;7.587,1;30.087,5;5.001,0;0,0;0,0;0,0;1.635,7;8.200,3;9.541,0;0,0;0,0;0,0;17.521,1;10.001,0;4.211,8;0,0;0,0;0,0;0,0
MAD;OTP;0,0;0,0;0,0;0,0;0,0;4.524,0;4.944,8;11.570,5;0,0;0,0;0,0;64,1;7.150,2;4.250,2;0,0;0,0;0,0;2.292,6;24.700,8;101.399,8;0,0;0,0;0,0;1.251,8;4.343,6;18.633,9;0,0;0,0;0,0;0,0
MAD;HER;0,0;0,0;0,0;0,0;0,0;94.943,7;25.790,8;4.185,5;0,0;0,0;0,0;1.134,0;2.876,4;1.307,7;0,0;0,0;0,0;3.326,5;2.210,2;7.923,6;0,0;0,0;0,0;2.667,2;26.288,3;98.120,3;0,0;0,0;0,0;0,0
MAD;KEF;0,0;0,0;0,0;0,0;0,0;5.651,2;60.600,1;3.230,8;0,0;0,0;0,0;4.183,7;6.837,0;3.155,4;0,0;0,0;0,0;6.538,8;6.965,9;8.040,5;0,0;0,0;0,0;2.476,5;788,0;14.963,9;0,0;0,0;0,0;0,0
MAD;PMO;0,0;0,0;0,0;0,0;0,0;49.613,2;17.542,1;5.818,8;0,0;0,0;0,0;29.584,5;10.068,4;1.873,8;0,0;0,0;0,0;1.099,4;14.597,3;8.946,1;0,0;0,0;0,0;19.134,4;108,5;6.697,5;0,0;0,0;0,0;0,0
MAD;FNC;0,0;0,0;0,0;0,0;0,0;5.113,0;23.350,9;4.714,6;0,0;0,0;0,0;12.388,2;17.810,0;7.276,8;0,0;0,0;0,0;174.846,0;13.398,7;8.568,3;0,0;0,0;0,0;5.537,5;5.139,1;16.448,3;0,0;0,0;0,0;0,0
BCN;LHR;0,0;0,0;0,0;0,0;0,0;65.724,9;34.491,8;1.923,8;0,0;0,0;0,0;70.475,3;22.326,0;3.352,1;0,0;0,0;0,0;1.876,1;4.769,2;23.872,1;0,0;0,0;0,0;22.833,6;9.270,9;945,9;0,0;0,0;0,0;0,0
BCN;CDG;0,0;0,0;0,0;0,0;0,0;10.656,8;746,6;6.937,0;0,0;0,0;0,0;3.660,0;8.322,3;6.945,8;0,0;0,0;0,0;2.434,4;9.745,7;74.048,2;0,0;0,0;0,0;25.762,1;3.850,9;7.010,2;0,0;0,0;0,0;0,0
BCN;AMS;0,0;0,0;0,0;0,0;0,0;28.406,5;15.816,9;113,1;0,0;0,0;0,0;28.341,3;7.893,4;15.687,2;0,0;0,0;0,0;4.360,3;9.514,0;17.308,4;0,0;0,0;0,0;1.067,3;2.091,1;16.038,2;0,0;0,0;0,0;0,0
BCN;FRA;0,0;0,0;0,0;0,0;0,0;33.190,1;10.421,7;422,7;0,0;0,0;0,0;11.248,9;58.469,5;105,8;0,0;0,0;0,0;10.835,4;56.389,5;15.654,1;0,0;0,0;0,0;5.375,8;22.097,6;19.905,1;0,0;0,0;0,0;0,0
BCN;MAD;0,0;0,0;0,0;0,0;0,0;469,9;26.346,5;5.745,9;0,0;0,0;0,0;9.063,7;12.283,5;6.020,2;0,0;0,0;0,0;13.282,1;11.372,8;855,5;0,0;0,0;0,0;2.878,5;5.489,3;60.379,7;0,0;0,0;0,0;0,0
BCN;BCN;0,0;0,0;0,0;0,0;0,0;0,0;0,0;0,0;0,0;0,0;0,0;0,0;0,0;0,0;0,0;0,0;0,0;0,0;0,0;0,0;0,0;0,0;0,0;0,0;0,0;0,0;0,0;0,0;0,0;0,0
BCN;MUC;0,0;0,0;0,0;0,0;0,0;381,5;15.724,5;2.718,9;0,0;0,0;0,0;5.941,2;9.603,6;2.826,7;0,0;0,0;0,0;9.432,6;5.814,9;7.648,2;0,0;0,0;0,0;9.740,9;3.395,3;99.733,3;0,0;0,0;0,0;0,0
BCN;FCO;0,0;0,0;0,0;0,0;0,0;6.992,2;18.738,6;4.711,3;0,0;0,0;0,0;29.294,8;5.602,0;5.799,1;0,0;0,0;0,0;370,8;4.772,6;73.846,9;0,0;0,0;0,0;16.154,7;2.644,7;16.317,8;0,0;0,0;0,0;0,0
BCN;DUB;0,0;0,0;0,0;0,0;0,0;8.858,7;1.055,1;3.649,4;0,0;0,0;0,0;5.884,5;11.467,8;979,4;0,0;0,0;0,0;1.761,4;2.573,1;18.066,8;0,0;0,0;0,0;45.109,3;10.173,3;25.079,3;0,0;0,0;0,0;0,0
BCN;ARN;0,0;0,0;0,0;0,0;0,0;7.615,1;14.353,3;3.102,9;0,0;0,0;0,0;18.402,3;3.129,7;3.933,9;0,0;0,0;0,0;875,2;5.320,4;5.614,6;0,0;0,0;0,0;8.173,2;3.785,4;12.037,4;0,0;0,0;0,0;0,0
BCN;LIS;0,0;0,0;0,0;0,0;0,0;4.242,9;11.771,7;7.343,4;0,0;0,0;0,0;15.022,3;30.512,5;4.878,7;0,0;0,0;0,0;32.809,8;4.019,3;1.694,0;0,0;0,0;0,0;8.081,3;10.614,5;22.033,9;0,0;0,0;0,0;0,0
BCN;TXL;0,0;0,0;0,0;0,0;0,0;62.136,5;7.610,1;2.810,1;0,0;0,0;0,0;29.399,4;10.675,8;1.821,5;0,0;0,0;0,0;5.395,1;13.999,1;8.387,9;0,0;0,0;0,0;19.152,0;5.176,8;9.787,4;0,0;0,0;0,0;0,0
BCN;HEL;0,0;0,0;0,0;0,0;0,0;12.527,2;30.137,5;883,1;0,0;0,0;0,0;11.844,6;7.411,1;1.891,2;0,0;0,0;0,0;2.193,1;12.439,4;7.846,1;0,0;0,0;0,0;6.206,5;6.500,9;704,7;0,0;0,0;0,0;0,0
BCN;WAW;0,0;0,0;0,0;0,0;0,0;8.040,0;15.746,0;3.906,1;0,0;0,0;0,0;43.481,2;23.920,9;1.294,0;0,0;0,0;0,0;3.834,1;1.104,3;84.641,7;0,0;0,0;0,0;3.515,0;4.569,3;17.632,4;0,0;0,0;0,0;0,0
BCN;EDI;0,0;0,0;0,0;0,0;0,0;8.249,0;19.890,7;3.044,1;0,0;0,0;0,0;15.180,7;17.838,8;28.016,5;0,0;0,0;0,0;6.495,0;739,2;79.482,5;0,0;0,0;0,0;13.890,0;11.850,1;49.774,5;0,0;0,0;0,0;0,0
BCN;OTP;0,0;0,0;0,0;0,0;0,0;60.052,3;58.772,8;182,9;0,0;0,0;0,0;5.858,6;8.106,9;194,8;0,0;0,0;0,0;4.996,1;16.533,6;13.065,7;0,0;0,0;0,0;2.639,9;853,5;58.738,4;0,0;0,0;0,0;0,0
BCN;HER;0,0;0,0;0,0;0,0;0,0;57.762,6;8.428,7;3.399,9;0,0;0,0;0,0;13.370,0;33.612,6;2.229,9;0,0;0,0;0,0;172,0;20.186,6;9.403,8;0,0;0,0;0,0;5.807,8;3.693,8;1.782,0;0,0;0,0;0,0;0,0
BCN;KEF;0,0;0,0;0,0;0,0;0,0;3.549,0;6.246,5;6.446,7;0,0;0,0;0,0;12.398,2;3.036,3;347,9;0,0;0,0;0,0;12.386,8;10.212,1;10.828,5;0,0;0,0;0,0;14.726,7;1.673,7;14.316,5;0,0;0,0;0,0;0,0
BCN;PMO;0,0;0,0;0,0;0,0;0,0;13.993,4;18.144,5;5.639,6;0,0;0,0;0,0;2.535,8;732,1;8.375,6;0,0;0,0;0,0;4.023,0;5.631,1;18.091,4;0,0;0,0;0,0;5.593,5;2.124,3;71.691,1;0,0;0,0;0,0;0,0
BCN;FNC;0,0;0,0;0,0;0,0;0,0;6.485,6;1.699,5;18.105,0;0,0;0,0;0,0;52.648,5;5.311,2;1.575,7;0,0;0,0;0,0;26.014,0;8.926,3;20.065,7;0,0;0,0;0,0;19.942,6;468,7;19.708,1;0,0;0,0;0,0;0,0
MUC;LHR;0,0;0,0;0,0;0,0;0,0;21.403,1;8.749,1;1.208,9;0,0;0,0;0,0;6.426,7;6.741,9;6.007,0;0,0;0,0;0,0;5.167,4;4.050,5;35.878,6;0,0;0,0;0,0;11.591,1;303,8;12.932,5;0,0;0,0;0,0;0,0
MUC;CDG;0,0;0,0;0,0;0,0;0,0;13.865,1;2.947,7;2.150,2;0,0;0,0;0,0;27.388,4;1.698,0;4.644,1;0,0;0,0;0,0;12.036,4;3.954,3;12.964,7;0,0;0,0;0,0;36.339,8;10.286,9;24.146,3;0,0;0,0;0,0;0,0
MUC;AMS;0,0;0,0;0,0;0,0;0,0;7.585,1;7.830,9;245,1;0,0;0,0;0,0;31.228,8;7.837,4;4.370,2;0,0;0,0;0,0;2.250,5;17.688,3;13.166,2;0,0;0,0;0,0;27.898,7;10.064,9;6.597,5;0,0;0,0;0,0;0,0
MUC;FRA;0,0;0,0;0,0;0,0;0,0;22.008,5;44.731,1;10.026,3;0,0;0,0;0,0;22.543,8;27.130,1;579,2;0,0;0,0;0,0;4.061,9;62.246,9;10.324,2;0,0;0,0;0,0;50.881,1;3.598,7;6.862,3;0,0;0,0;0,0;0,0
MUC;MAD;0,0;0,0;0,0;0,0;0,0;3.172,7;12.909,5;1.028,4;0,0;0,0;0,0;59.723,5;9.958,4;891,5;0,0;0,0;0,0;10.472,9;1.906,3;3.814,3;0,0;0,0;0,0;118.409,5;8.144,2;1.143,9;0,0;0,0;0,0;0,0
MUC;BCN;0,0;0,0;0,0;0,0;0,0;5.919,4;7.152,4;7.437,1;0,0;0,0;0,0;13.486,3;1.096,8;20.027,6;0,0;0,0;0,0;8.786,9;7.479,8;26.874,8;0,0;0,0;0,0;20.236,9;2.103,8;53.872,8;0,0;0,0;0,0;0,0
MUC;MUC;0,0;0,0;0,0;0,0;0,0;0,0;0,0;0,0;0,0;0,0;0,0;0,0;0,0;0,0;0,0;0,0;0,0;0,0;0,0;0,0;0,0;0,0;0,0;0,0;0,0;0,0;0,0;0,0;0,0;0,0
MUC;FCO;0,0;0,0;0,0;0,0;0,0;22.185,6;12.584,5;2.352,3;0,0;0,0;0,0;52.649,1;8.460,0;13.121,4;0,0;0,0;0,0;5.472,7;493,3;41.359,4;0,0;0,0;0,0;2.586,2;2.551,4;4.045,9;0,0;0,0;0,0;0,0
MUC;DUB;0,0;0,0;0,0;0,0;0,0;7.047,7;57,1;19.843,2;0,0;0,0;0,0;14.541,2;9.399,8;4.540,9;0,0;0,0;0,0;7.160,1;13.682,6;27.587,0;0,0;0,0;0,0;21.492,4;10.388,1;5.236,6;0,0;0,0;0,0;0,0
MUC;ARN;0,0;0,0;0,0;0,0;0,0;18.328,7;4.602,9;513,1;0,0;0,0;0,0;30.731,4;179,6;6.149,0;0,0;0,0;0,0;2.474,4;10.260,5;37.032,5;0,0;0,0;0,0;64.658,9;1.119,0;5.062,6;0,0;0,0;0,0;0,0
MUC;LIS;0,0;0,0;0,0;0,0;0,0;53.509,9;17.504,0;6.305,6;0,0;0,0;0,0;5.214,3;43.187,6;8.168,5;0,0;0,0;0,0;3.220,7;2.851,3;85.338,8;0,0;0,0;0,0;6.109,3;1.220,1;1.404,9;0,0;0,0;0,0;0,0
MUC;TXL;0,0;0,0;0,0;0,0;0,0;82.732,6;11.321,6;68,2;0,0;0,0;0,0;93.461,9;5.322,1;4.618,6;0,0;0,0;0,0;715,0;5.719,5;17.569,4;0,0;0,0;0,0;29.174,8;474,7;6.893,4;0,0;0,0;0,0;0,0
MUC;HEL;0,0;0,0;0,0;0,0;0,0;16.641,5;1.078,6;1.973,2;0,0;0,0;0,0;47.100,3;276,1;5.451,2;0,0;0,0;0,0;152,2;32.830,4;379.944,4;0,0;0,0;0,0;25.289,0;209,6;46.136,4;0,0;0,0;0,0;0,0
MUC;WAW;0,0;0,0;0,0;0,0;0,0;27.854,1;108.405,7;132,0;0,0;0,0;0,0;4.090,6;7.678,9;2.576,3;0,0;0,0;0,0;8.224,1;321,4;24.455,7;0,0;0,0;0,0;57.784,2;1.782,5;22.907,8;0,0;0,0;0,0;0,0
MUC;EDI;0,0;0,0;0,0;0,0;0,0;31.823,8;440,3;1.659,7;0,0;0,0;0,0;56.310,0;9.444,4;194,8;0,0;0,0;0,0;6.626,1;14.317,4;43.698,7;0,0;0,0;0,0;1.088,6;1.127,6;12.435,5;0,0;0,0;0,0;0,0
MUC;OTP;0,0;0,0;0,0;0,0;0,0;36.051,3;23.462,5;230,0;0,0;0,0;0,0;849,1;7.671,7;249,9;0,0;0,0;0,0;1.284,2;1.316,5;8.110,0;0,0;0,0;0,0;47.887,6;7.635,7;15.699,2;0,0;0,0;0,0;0,0
MUC;HER;0,0;0,0;0,0;0,0;0,0;1.847,7;9.183,4;4.087,7;0,0;0,0;0,0;19.407,1;3.333,2;4.988,0;0,0;0,0;0,0;5.661,5;6.701,1;63.940,5;0,0;0,0;0,0;17.291,7;1.028,2;12.653,0;0,0;0,0;0,0;0,0
MUC;KEF;0,0;0,0;0,0;0,0;0,0;2.277,4;3.966,6;3.042,7;0,0;0,0;0,0;45.167,2;1.248,9;10.335,2;0,0;0,0;0,0;1.319,0;10.289,5;41.086,4;0,0;0,0;0,0;1.737,6;37.020,0;21.013,4;0,0;0,0;0,0;0,0
MUC;PMO;0,0;0,0;0,0;0,0;0,0;51.964,9;7.754,3;571,3;0,0;0,0;0,0;3.518,0;7.878,5;16.906,0;0,0;0,0;0,0;5.260,2;20.297,2;8.830,7;0,0;0,0;0,0;16.462,6;13.590,8;12.487,9;0,0;0,0;0,0;0,0
MUC;FNC;0,0;0,0;0,0;0,0;0,0;309,5;31.330,2;9.017,4;0,0;0,0;0,0;8.256,4;4.562,6;518,1;0,0;0,0;0,0;34.041,9;2.133,5;22.763,7;0,0;0,0;0,0;1.640,6;2.930,8;24.019,7;0,0;0,0;0,0;0,0
FCO;LHR;0,0;0,0;0,0;0,0;0,0;11.256,6;13.779,3;9.501,7;0,0;0,0;0,0;22.835,9;27.787,8;228,8;0,0;0,0;0,0;10.677,8;1.318,8;1.444,4;0,0;0,0;0,0;18.545,7;1.101,7;8.931,1;0,0;0,0;0,0;0,0
FCO;CDG;0,0;0,0;0,0;0,0;0,0;46.958,6;45.122,8;14.309,7;0,0;0,0;0,0;7.228,4;6.281,2;1.628,2;0,0;0,0;0,0;11.332,6;5.339,2;13.312,9;0,0;0,0;0,0;19.796,5;2.380,0;2.593,1;0,0;0,0;0,0;0,0
FCO;AMS;0,0;0,0;0,0;0,0;0,0;5.598,6;8.708,2;2.903,8;0,0;0,0;0,0;78.178,1;12.962,8;864,6;0,0;0,0;0,0;1.053,7;1.611,2;1.046,2;0,0;0,0;0,0;25.983,0;6.685,3;62.360,5;0,0;0,0;0,0;0,0
FCO;FRA;0,0;0,0;0,0;0,0;0,0;49.732,1;37.331,2;3.068,2;0,0;0,0;0,0;16.395,1;4.691,7;9.014,3;0,0;0,0;0,0;2.912,0;7.337,2;964,7;0,0;0,0;0,0;15.889,5;3.894,8;15.379,4;0,0;0,0;0,0;0,0
FCO;MAD;0,0;0,0;0,0;0,0;0,0;16.053,6;11.458,1;8.410,1;0,0;0,0;0,0;1.116,4;17.813,8;3.597,1;0,0;0,0;0,0;1.489,5;20.356,4;14.393,6;0,0;0,0;0,0;9.807,3;3.919,4;7.645,3;0,0;0,0;0,0;0,0
FCO;BCN;0,0;0,0;0,0;0,0;0,0;17.095,8;59.888,2;10.096,5;0,0;0,0;0,0;1.708,2;61.331,3;7.232,8;0,0;0,0;0,0;9.158,0;13.650,4;476,3;0,0;0,0;0,0;577,8;1.142,7;673,7;0,0;0,0;0,0;0,0
FCO;MUC;0,0;0,0;0,0;0,0;0,0;12.139,8;37.273,6;776,2;0,0;0,0;0,0;25.299,8;32.268,7;2.221,0;0,0;0,0;0,0;921,1;15.284,1;58.723,0;0,0;0,0;0,0;3.226,4;18.087,6;1.643,6;0,0;0,0;0,0;0,0
FCO;FCO;0,0;0,0;0,0;0,0;0,0;0,0;0,0;0,0;0,0;0,0;0,0;0,0;0,0;0,0;0,0;0,0;0,0;0,0;0,0;0,0;0,0;0,0;0,0;0,0;0,0;0,0;0,0;0,0;0,0;0,0
FCO;DUB;0,0;0,0;0,0;0,0;0,0;5.650,5;14.555,3;43.902,2;0,0;0,0;0,0;30.666,8;34.941,7;793,8;0,0;0,0;0,0;1.644,6;5.923,5;11.579,9;0,0;0,0;0,0;13.394,8;799,0;2.643,9;0,0;0,0;0,0;0,0
FCO;ARN;0,0;0,0;0,0;0,0;0,0;1.501,6;13.529,3;1.881,4;0,0;0,0;0,0;17.758,7;10.473,6;111,3;0,0;0,0;0,0;3.897,0;14.806,5;24.263,1;0,0;0,0;0,0;6.503,8;1.833,1;29.883,8;0,0;0,0;0,0;0,0
FCO;LIS;0,0;0,0;0,0;0,0;0,0;14.058,1;16.543,4;9.564,1;0,0;0,0;0,0;17.495,7;3.381,0;8.786,8;0,0;0,0;0,0;19.217,3;1.266,5;5.319,0;0,0;0,0;0,0;5.367,0;3.069,7;7.573,5;0,0;0,0;0,0;0,0
FCO;TXL;0,0;0,0;0,0;0,0;0,0;20.407,0;852,5;12.482,6;0,0;0,0;0,0;12.842,7;13.776,7;3.965,6;0,0;0,0;0,0;4.908,8;5.373,0;16.024,6;0,0;0,0;0,0;13.508,5;1.517,1;41.335,3;0,0;0,0;0,0;0,0
FCO;HEL;0,0;0,0;0,0;0,0;0,0;12.560,1;96.153,8;1.120,1;0,0;0,0;0,0;683,5;22.757,8;5.740,4;0,0;0,0;0,0;10.911,6;1.376,2;16.106,8;0,0;0,0;0,0;158,2;10.848,6;6.383,9;0,0;0,0;0,0;0,0
FCO;WAW;0,0;0,0;0,0;0,0;0,0;10.689,2;345,1;3.189,1;0,0;0,0;0,0;8.092,2;16.704,8;518,4;0,0;0,0;0,0;10.064,7;4.316,9;7.830,5;0,0;0,0;0,0;13.005,7;3.219,3;19.682,9;0,0;0,0;0,0;0,0
FCO;EDI;0,0;0,0;0,0;0,0;0,0;4.058,5;8.257,4;16.842,0;0,0;0,0;0,0;3.176,9;15.866,1;615,2;0,0;0,0;0,0;9.379,6;23.294,5;22.662,0;0,0;0,0;0,0;4.504,0;2.823,5;49.105,1;0,0;0,0;0,0;0,0
FCO;OTP;0,0;0,0;0,0;0,0;0,0;23.650,4;3.233,3;8.881,4;0,0;0,0;0,0;5.863,4;10.890,4;8.618,2;0,0;0,0;0,0;185,6;1.977,5;16.531,1;0,0;0,0;0,0;54.730,7;33.193,5;19.283,7;0,0;0,0;0,0;0,0
FCO;HER;0,0;0,0;0,0;0,0;0,0;32.671,8;252,3;1.236,4;0,0;0,0;0,0;7.981,3;8.686,2;4.622,9;0,0;0,0;0,0;2.009,4;2.293,5;11.960,2;0,0;0,0;0,0;32.425,8;1.987,9;20.868,0;0,0;0,0;0,0;0,0
FCO;KEF;0,0;0,0;0,0;0,0;0,0;11.443,4;2.561,6;10.560,7;0,0;0,0;0,0;34.121,3;3.708,2;584,2;0,0;0,0;0,0;1.566,1;16.629,4;33.273,4;0,0;0,0;0,0;58.232,3;1.426,9;17.495,8;0,0;0,0;0,0;0,0
FCO;PMO;0,0;0,0;0,0;0,0;0,0;55.195,1;14.437,0;2.915,7;0,0;0,0;0,0;6.344,5;2.313,6;2.987,6;0,0;0,0;0,0;3.804,1;12.765,4;41.379,3;0,0;0,0;0,0;21.379,5;707,8;29.148,1;0,0;0,0;0,0;0,0
FCO;FNC;0,0;0,0;0,0;0,0;0,0;14.293,7;6.661,0;25.046,9;0,0;0,0;0,0;15.355,9;25.115,3;5.213,4;0,0;0,0;0,0;16.418,0;13.289,6;19.652,8;0,0;0,0;0,0;642,4;3.276,0;15.147,5;0,0;0,0;0,0;0,0
DUB;LHR;0,0;0,0;0,0;0,0;0,0;13.646,8;54.267,7;3.977,1;0,0;0,0;0,0;972,4;758,0;70,6;0,0;0,0;0,0;9.052,6;1.824,5;40.427,8;0,0;0,0;0,0;14.793,9;2.090,7;16.571,8;0,0;0,0;0,0;0,0
DUB;CDG;0,0;0,0;0,0;0,0;0,0;10.276,7;8.210,2;473,9;0,0;0,0;0,0;21.634,4;9.449,7;2.128,7;0,0;0,0;0,0;28.034,7;10.065,8;34.970,7;0,0;0,0;0,0;12.567,4;3.295,7;5.411,2;0,0;0,0;0,0;0,0
DUB;AMS;0,0;0,0;0,0;0,0;0,0;18.038,0;15.568,9;15.036,0;0,0;0,0;0,0;29.693,7;11.090,0;2.434,1;0,0;0,0;0,0;4.168,7;3.828,8;9.000,6;0,0;0,0;0,0;10.269,4;1.104,8;18.274,4;0,0;0,0;0,0;0,0
DUB;FRA;0,0;0,0;0,0;0,0;0,0;27.171,9;14.499,4;490,4;0,0;0,0;0,0;17.893,0;4.578,8;2.830,3;0,0;0,0;0,0;4.499,3;4.955,4;32.134,2;0,0;0,0;0,0;37.926,3;9.855,7;4,6;0,0;0,0;0,0;0,0
DUB;MAD;0,0;0,0;0,0;0,0;0,0;10.208,0;11.579,3;11.006,8;0,0;0,0;0,0;6.776,7;2.371,2;172,0;0,0;0,0;0,0;2.821,6;13.574,9;39.916,0;0,0;0,0;0,0;34.124,0;6.130,2;327,1;0,0;0,0;0,0;0,0
DUB;BCN;0,0;0,0;0,0;0,0;0,0;1.353,4;11.544,8;1.252,4;0,0;0,0;0,0;3.421,2;11.338,2;12.539,4;0,0;0,0;0,0;3.210,3;7.156,1;25.382,4;0,0;0,0;0,0;3.957,9;592,8;65.305,3;0,0;0,0;0,0;0,0
DUB;MUC;0,0;0,0;0,0;0,0;0,0;23.222,4;11.436,0;1.584,5;0,0;0,0;0,0;7.230,8;33.054,1;1.061,5;0,0;0,0;0,0;7.623,4;7.189,3;807,5;0,0;0,0;0,0;39.354,8;4.676,0;43.005,4;0,0;0,0;0,0;0,0
DUB;FCO;0,0;0,0;0,0;0,0;0,0;45.167,5;1.714,0;6.983,3;0,0;0,0;0,0;8.898,0;771,7;4.582,1;0,0;0,0;0,0;11.363,1;4.356,4;1.854,9;0,0;0,0;0,0;65.745,5;1.920,1;7.149,4;0,0;0,0;0,0;0,0
DUB;DUB;0,0;0,0;0,0;0,0;0,0;0,0;0,0;0,0;0,0;0,0;0,0;0,0;0,0;0,0;0,0;0,0;0,0;0,0;0,0;0,0;0,0;0,0;0,0;0,0;0,0;0,0;0,0;0,0;0,0;0,0
DUB;ARN;0,0;0,0;0,0;0,0;0,0;11.909,8;13.283,4;4.016,8;0,0;0,0;0,0;13.008,7;36.857,8;3.391,2;0,0;0,0;0,0;3.080,9;1.783,8;2.473,9;0,0;0,0;0,0;40.363,9;6.384,0;35.796,9;0,0;0,0;0,0;0,0
DUB;LIS;0,0;0,0;0,0;0,0;0,0;2.581,4;5.368,8;3.420,0;0,0;0,0;0,0;18.735,4;11.785,7;7.124,1;0,0;0,0;0,0;641,2;20.494,7;20.863,1;0,0;0,0;0,0;50.532,5;2.292,2;2.781,1;0,0;0,0;0,0;0,0
DUB;TXL;0,0;0,0;0,0;0,0;0,0;22.572,4;36,9;17.028,2;0,0;0,0;0,0;3.118,3;9.306,6;8.368,6;0,0;0,0;0,0;1.718,6;4.686,4;14.473,2;0,0;0,0;0,0;28.011,0;16.056,0;41.934,4;0,0;0,0;0,0;0,0
DUB;HEL;0,0;0,0;0,0;0,0;0,0;1.683,4;37.557,0;60,8;0,0;0,0;0,0;3.286,0;3.224,5;3.608,1;0,0;0,0;0,0;3.584,5;37.182,3;36.133,0;0,0;0,0;0,0;27.195,6;12.571,9;41.483,0;0,0;0,0;0,0;0,0
DUB;WAW;0,0;0,0;0,0;0,0;0,0;46.159,3;7.293,9;1.945,3;0,0;0,0;0,0;9.419,5;18.995,8;953,9;0,0;0,0;0,0;5.265,9;32.812,8;4.244,1;0,0;0,0;0,0;28.266,4;1.407,4;41.411,4;0,0;0,0;0,0;0,0
DUB;EDI;0,0;0,0;0,0;0,0;0,0;2.063,0;11.011,6;2.965,7;0,0;0,0;0,0;58.164,4;23.648,4;1.268,3;0,0;0,0;0,0;3.584,0;22.621,2;26.112,4;0,0;0,0;0,0;24.287,0;3.212,6;15.644,8;0,0;0,0;0,0;0,0
DUB;OTP;0,0;0,0;0,0;0,0;0,0;20.395,4;9.810,7;16.077,9;0,0;0,0;0,0;9.697,6;405,1;4.824,8;0,0;0,0;0,0;18.996,7;3.309,4;35.224,3;0,0;0,0;0,0;35.319,2;5.929,7;1.753,3;0,0;0,0;0,0;0,0
DUB;HER;0,0;0,0;0,0;0,0;0,0;24.333,9;24.639,5;1.984,9;0,0;0,0;0,0;17.399,1;14.699,3;6.500,3;0,0;0,0;0,0;1.162,5;919,3;1.962,4;0,0;0,0;0,0;21.940,6;1.744,1;15.935,0;0,0;0,0;0,0;0,0
DUB;KEF;0,0;0,0;0,0;0,0;0,0;9.032,2;6.361,5;8.080,8;0,0;0,0;0,0;21.111,4;11.436,1;454,3;0,0;0,0;0,0;2.250,3;3.859,2;49.677,5;0,0;0,0;0,0;14.375,8;14.230,8;8.098,6;0,0;0,0;0,0;0,0
DUB;PMO;0,0;0,0;0,0;0,0;0,0;18.705,1;7.362,5;2.456,3;0,0;0,0;0,0;40.616,6;9.652,2;75,2;0,0;0,0;0,0;5.802,8;18.559,4;18.992,1;0,0;0,0;0,0;15.838,2;6.939,1;8.641,6;0,0;0,0;0,0;0,0
DUB;FNC;0,0;0,0;0,0;0,0;0,0;16.291,0;4.967,3;566,5;0,0;0,0;0,0;11.226,6;12.156,5;1.269,8;0,0;0,0;0,0;3.521,7;17.904,1;13.563,3;0,0;0,0;0,0;32.778,0;9.187,7;12.276,9;0,0;0,0;0,0;0,0
ARN;LHR;0,0;0,0;0,0;0,0;0,0;17.935,5;19.291,6;2.579,3;0,0;0,0;0,0;9.255,3;5.734,3;1.347,9;0,0;0,0;0,0;1.427,3;11.385,1;926,5;0,0;0,0;0,0;7.260,4;7.109,0;18.205,5;0,0;0,0;0,0;0,0
ARN;CDG;0,0;0,0;0,0;0,0;0,0;4.997,9;613,1;855,7;0,0;0,0;0,0;1.578,2;4.343,2;1.914,4;0,0;0,0;0,0;24.796,2;12.129,5;25.670,3;0,0;0,0;0,0;37.359,6;2.157,3;3.120,2;0,0;0,0;0,0;0,0
ARN;AMS;0,0;0,0;0,0;0,0;0,0;9.356,3;3.222,1;13.844,3;0,0;0,0;0,0;31.233,7;11.206,3;4.320,4;0,0;0,0;0,0;2.413,9;26.149,8;8.356,6;0,0;0,0;0,0;15.425,9;1.394,3;9.383,4;0,0;0,0;0,0;0,0
ARN;FRA;0,0;0,0;0,0;0,0;0,0;64.273,9;30.041,6;1.511,5;0,0;0,0;0,0;2.583,6;12.382,1;5.186,4;0,0;0,0;0,0;15.210,9;698,4;15.740,9;0,0;0,0;0,0;5.706,4;22.442,8;19.605,6;0,0;0,0;0,0;0,0
ARN;MAD;0,0;0,0;0,0;0,0;0,0;8.773,4;7.936,4;167,1;0,0;0,0;0,0;14.713,7;10.910,2;2.722,2;0,0;0,0;0,0;1.466,9;4.175,3;565,5;0,0;0,0;0,0;5.065,7;4.980,3;2.779,9;0,0;0,0;0,0;0,0
ARN;BCN;0,0;0,0;0,0;0,0;0,0;25.410,2;36.472,0;6.007,7;0,0;0,0;0,0;6.170,7;8.989,5;8.080,8;0,0;0,0;0,0;1.341,6;14.900,3;54.450,9;0,0;0,0;0,0;22.843,2;977,8;20.264,7;0,0;0,0;0,0;0,0
ARN;MUC;0,0;0,0;0,0;0,0;0,0;8.683,0;18.840,7;2.289,4;0,0;0,0;0,0;1.331,6;4.248,2;5.435,0;0,0;0,0;0,0;9.120,9;14.060,0;19.098,0;0,0;0,0;0,0;2.592,8;405,8;10.034,9;0,0;0,0;0,0;0,0
ARN;FCO;0,0;0,0;0,0;0,0;0,0;11.128,2;6.114,5;1.736,7;0,0;0,0;0,0;4.942,5;7.681,4;395,4;0,0;0,0;0,0;9.919,1;2.946,0;9.874,6;0,0;0,0;0,0;15.177,9;5.126,9;10.497,9;0,0;0,0;0,0;0,0
ARN;DUB;0,0;0,0;0,0;0,0;0,0;9.156,7;29.719,3;859,6;0,0;0,0;0,0;115,7;2.374,5;8.113,3;0,0;0,0;0,0;5.229,2;11.098,1;10.962,7;0,0;0,0;0,0;39.206,9;5.917,7;26.076,9;0,0;0,0;0,0;0,0
ARN;ARN;0,0;0,0;0,0;0,0;0,0;0,0;0,0;0,0;0,0;0,0;0,0;0,0;0,0;0,0;0,0;0,0;0,0;0,0;0,0;0,0;0,0;0,0;0,0;0,0;0,0;0,0;0,0;0,0;0,0;0,0
ARN;LIS;0,0;0,0;0,0;0,0;0,0;34.648,6;8.850,4;1.645,2;0,0;0,0;0,0;3.984,3;1.041,5;4.990,8;0,0;0,0;0,0;18.129,4;9.582,1;50.645,6;0,0;0,0;0,0;8.792,3;3.871,1;2.059,3;0,0;0,0;0,0;0,0
ARN;TXL;0,0;0,0;0,0;0,0;0,0;18.180,2;13.742,6;93,5;0,0;0,0;0,0;21.024,5;6.093,0;16.552,9;0,0;0,0;0,0;3.975,2;8.637,6;61.339,8;0,0;0,0;0,0;13.035,1;1.329,7;19.331,0;0,0;0,0;0,0;0,0
ARN;HEL;0,0;0,0;0,0;0,0;0,0;18.780,8;10.568,0;3.629,0;0,0;0,0;0,0;30.534,2;9.717,3;4.100,7;0,0;0,0;0,0;9.200,3;2.003,0;42.363,5;0,0;0,0;0,0;18.058,9;339,4;23.862,7;0,0;0,0;0,0;0,0
ARN;WAW;0,0;0,0;0,0;0,0;0,0;124.416,8;5.928,6;2.095,6;0,0;0,0;0,0;6.319,9;21.457,3;3.384,6;0,0;0,0;0,0;1.651,2;12.139,7;870,7;0,0;0,0;0,0;23.056,9;1.333,8;35.771,6;0,0;0,0;0,0;0,0
ARN;EDI;0,0;0,0;0,0;0,0;0,0;3.777,7;17.762,8;5.175,6;0,0;0,0;0,0;36.199,8;1.265,9;810,8;0,0;0,0;0,0;5.897,8;15.863,2;17.924,8;0,0;0,0;0,0;15.560,1;6.472,9;3.335,0;0,0;0,0;0,0;0,0
ARN;OTP;0,0;0,0;0,0;0,0;0,0;12.391,0;2.725,6;91,1;0,0;0,0;0,0;27.064,1;6.672,9;2.377,8;0,0;0,0;0,0;1.070,9;31.456,4;12.015,8;0,0;0,0;0,0;7.644,3;3.638,7;37.380,1;0,0;0,0;0,0;0,0
ARN;HER;0,0;0,0;0,0;0,0;0,0;5.425,4;32.547,0;3.128,9;0,0;0,0;0,0;62.834,1;7.458,6;324,8;0,0;0,0;0,0;963,9;23.623,9;27.831,8;0,0;0,0;0,0;9.597,4;1.251,7;9.741,9;0,0;0,0;0,0;0,0
ARN;KEF;0,0;0,0;0,0;0,0;0,0;25.169,5;441,1;4.821,0;0,0;0,0;0,0;51.790,8;668,8;54.444,1;0,0;0,0;0,0;1.055,6;16.686,5;18.737,9;0,0;0,0;0,0;36.864,4;4.336,9;817,2;0,0;0,0;0,0;0,0
ARN;PMO;0,0;0,0;0,0;0,0;0,0;104.248,2;5.652,4;3.826,5;0,0;0,0;0,0;3.522,2;11.646,9;17.564,4;0,0;0,0;0,0;800,0;10.424,2;9.265,0;0,0;0,0;0,0;19.328,7;2.765,6;94.354,8;0,0;0,0;0,0;0,0
ARN;FNC;0,0;0,0;0,0;0,0;0,0;10.127,0;5.831,7;2.455,9;0,0;0,0;0,0;9.572,6;5.760,9;2.722,1;0,0;0,0;0,0;20.596,0;1.431,9;20.055,2;0,0;0,0;0,0;35.744,2;4.182,7;2.026,2;0,0;0,0;0,0;0,0
LIS;LHR;0,0;0,0;0,0;0,0;0,0;9.660,3;784,9;1.001,4;0,0;0,0;0,0;37.845,2;4.520,6;24.389,8;0,0;0,0;0,0;5.543,8;35.523,7;5.229,2;0,0;0,0;0,0;28.422,6;3.780,9;5.714,6;0,0;0,0;0,0;0,0
LIS;CDG;0,0;0,0;0,0;0,0;0,0;33.065,1;53.571,9;270,8;0,0;0,0;0,0;6.264,7;14.309,8;7.703,8;0,0;0,0;0,0;10.898,4;1.349,1;7.580,2;0,0;0,0;0,0;1.026,6;887,0;3.663,7;0,0;0,0;0,0;0,0
LIS;AMS;0,0;0,0;0,0;0,0;0,0;8.868,8;10.617,5;571,8;0,0;0,0;0,0;27.081,9;13.229,4;1.483,4;0,0;0,0;0,0;3.567,9;795,7;5.360,1;0,0;0,0;0,0;9.628,1;4.657,0;55.061,9;0,0;0,0;0,0;0,0
LIS;FRA;0,0;0,0;0,0;0,0;0,0;9.981,7;8.664,6;2.530,4;0,0;0,0;0,0;27.712,2;13.201,9;2.265,3;0,0;0,0;0,0;4.738,8;28.804,7;3.823,9;0,0;0,0;0,0;63.884,5;18.108,3;3.967,0;0,0;0,0;0,0;0,0
LIS;MAD;0,0;0,0;0,0;0,0;0,0;5.220,5;3.177,6;804,4;0,0;0,0;0,0;2.210,9;13.995,3;17.636,3;0,0;0,0;0,0;8.080,1;8.902,2;68.498,1;0,0;0,0;0,0;3.798,3;2.481,3;3.904,2;0,0;0,0;0,0;0,0
LIS;BCN;0,0;0,0;0,0;0,0;0,0;17.539,0;13.413,1;527,6;0,0;0,0;0,0;2.474,8;23.379,3;2.101,2;0,0;0,0;0,0;1.822,4;11.346,8;16.708,1;0,0;0,0;0,0;30.078,8;1.293,3;2.406,9;0,0;0,0;0,0;0,0
LIS;MUC;0,0;0,0;0,0;0,0;0,0;6.734,6;74,6;1.175,6;0,0;0,0;0,0;20.915,0;25.789,6;12.576,5;0,0;0,0;0,0;3.642,6;411,6;10.033,8;0,0;0,0;0,0;11.739,7;6.920,0;12.344,5;0,0;0,0;0,0;0,0
LIS;FCO;0,0;0,0;0,0;0,0;0,0;2.645,9;6.997,8;1.313,7;0,0;0,0;0,0;4.966,1;67.185,9;17.111,9;0,0;0,0;0,0;1.261,3;6.041,4;10.517,6;0,0;0,0;0,0;555,4;713,8;119.497,2;0,0;0,0;0,0;0,0
LIS;DUB;0,0;0,0;0,0;0,0;0,0;15.316,6;15.225,9;16.219,3;0,0;0,0;0,0;2.221,6;2.514,7;4.595,4;0,0;0,0;0,0;8.172,5;7.355,8;4.939,9;0,0;0,0;0,0;12.991,6;18.877,0;79.065,5;0,0;0,0;0,0;0,0
LIS;ARN;0,0;0,0;0,0;0,0;0,0;20.228,3;17.932,7;13.351,2;0,0;0,0;0,0;34.029,6;15.990,2;8.225,4;0,0;0,0;0,0;6.923,2;3.637,7;9.325,9;0,0;0,0;0,0;2.050,4;1.533,0;31.170,0;0,0;0,0;0,0;0,0
LIS;LIS;0,0;0,0;0,0;0,0;0,0;0,0;0,0;0,0;0,0;0,0;0,0;0,0;0,0;0,0;0,0;0,0;0,0;0,0;0,0;0,0;0,0;0,0;0,0;0,0;0,0;0,0;0,0;0,0;0,0;0,0
LIS;TXL;0,0;0,0;0,0;0,0;0,0;3.299,6;20.957,3;1.924,5;0,0;0,0;0,0;1.366,3;2.457,9;15.351,4;0,0;0,0;0,0;5.716,1;9.423,2;3.699,2;0,0;0,0;0,0;25.607,9;1.346,9;46.217,6;0,0;0,0;0,0;0,0
LIS;HEL;0,0;0,0;0,0;0,0;0,0;56.001,0;18.544,6;4.744,1;0,0;0,0;0,0;10.198,8;56.997,2;552,9;0,0;0,0;0,0;3.879,2;16.460,6;15.134,2;0,0;0,0;0,0;2.534,7;2.062,9;8.168,8;0,0;0,0;0,0;0,0
LIS;WAW;0,0;0,0;0,0;0,0;0,0;28.087,2;9.203,4;8.295,9;0,0;0,0;0,0;1.341,6;5.639,5;767,4;0,0;0,0;0,0;7.918,2;22.690,2;5.395,0;0,0;0,0;0,0;63.477,2;5.371,8;5.869,7;0,0;0,0;0,0;0,0
LIS;EDI;0,0;0,0;0,0;0,0;0,0;10.477,6;7.667,2;625,1;0,0;0,0;0,0;16.225,7;495,9;5.726,9;0,0;0,0;0,0;14.402,4;8.081,6;28.579,4;0,0;0,0;0,0;55.240,3;353,0;1.136,7;0,0;0,0;0,0;0,0
LIS;OTP;0,0;0,0;0,0;0,0;0,0;64.387,9;10.552,5;3.460,1;0,0;0,0;0,0;1.743,4;13.394,4;5.470,7;0,0;0,0;0,0;8.013,7;5.808,2;19.379,1;0,0;0,0;0,0;2.555,1;1.111,2;26.642,9;0,0;0,0;0,0;0,0
LIS;HER;0,0;0,0;0,0;0,0;0,0;29.313,5;5.768,1;5.239,1;0,0;0,0;0,0;3.086,5;9.590,4;30.247,4;0,0;0,0;0,0;6.422,3;34.617,2;15.582,5;0,0;0,0;0,0;8.235,9;936,5;16.203,7;0,0;0,0;0,0;0,0
LIS;KEF;0,0;0,0;0,0;0,0;0,0;22.603,6;6.105,4;3.350,6;0,0;0,0;0,0;80.714,1;9.954,4;11.288,4;0,0;0,0;0,0;10.279,4;2.361,2;58.335,2;0,0;0,0;0,0;9.537,1;4.475,4;23.717,4;0,0;0,0;0,0;0,0
LIS;PMO;0,0;0,0;0,0;0,0;0,0;5.953,9;8.043,2;6.392,8;0,0;0,0;0,0;13.037,7;27.163,2;14.531,0;0,0;0,0;0,0;6.812,9;22.247,7;6.406,3;0,0;0,0;0,0;8.603,6;2.692,4;47.118,5;0,0;0,0;0,0;0,0
LIS;FNC;0,0;0,0;0,0;0,0;0,0;12.241,6;6.452,8;4.879,2;0,0;0,0;0,0;27.610,2;15.547,1;8.092,5;0,0;0,0;0,0;2.265,6;6.621,2;11.758,5;0,0;0,0;0,0;3.000,4;11.074,4;44.150,0;0,0;0,0;0,0;0,0
TXL;LHR;0,0;0,0;0,0;0,0;0,0;8.608,4;16.287,1;2.107,9;0,0;0,0;0,0;26.205,5;22.648,9;301,3;0,0;0,0;0,0;7.351,0;27.473,4;13.425,0;0,0;0,0;0,0;16.552,7;1.576,3;3.547,5;0,0;0,0;0,0;0,0
TXL;CDG;0,0;0,0;0,0;0,0;0,0;10.348,3;11.087,4;129,5;0,0;0,0;0,0;59.564,6;13.852,3;1.397,3;0,0;0,0;0,0;3.437,3;13.723,0;32.109,1;0,0;0,0;0,0;17.772,3;15.574,2;18.928,1;0,0;0,0;0,0;0,0
TXL;AMS;0,0;0,0;0,0;0,0;0,0;14.129,9;306,5;21.587,9;0,0;0,0;0,0;18.071,5;32.660,1;16.827,7;0,0;0,0;0,0;20.323,7;5.700,5;5.696,8;0,0;0,0;0,0;13.298,7;13.276,2;4.917,0;0,0;0,0;0,0;0,0
TXL;FRA;0,0;0,0;0,0;0,0;0,0;51.242,4;14.414,0;2.499,1;0,0;0,0;0,0;8.200,9;12.825,7;4.365,0;0,0;0,0;0,0;9.778,6;3.144,1;14.902,9;0,0;0,0;0,0;10.631,4;3.963,7;1.305,3;0,0;0,0;0,0;0,0
TXL;MAD;0,0;0,0;0,0;0,0;0,0;22.306,8;13.172,1;4.743,8;0,0;0,0;0,0;38.988,2;14.533,9;449,7;0,0;0,0;0,0;730,4;5.738,1;2.088,7;0,0;0,0;0,0;22.877,7;2.229,7;13.571,8;0,0;0,0;0,0;0,0
TXL;BCN;0,0;0,0;0,0;0,0;0,0;41.536,8;41.130,5;5.303,6;0,0;0,0;0,0;3.444,4;14.838,9;6.247,6;0,0;0,0;0,0;2.227,6;4.882,8;1.804,1;0,0;0,0;0,0;10.781,4;2.585,7;7.890,5;0,0;0,0;0,0;0,0
TXL;MUC;0,0;0,0;0,0;0,0;0,0;21.084,6;41.902,4;1.573,2;0,0;0,0;0,0;30.633,2;1.856,1;7.807,1;0,0;0,0;0,0;531,6;4.560,9;15.329,6;0,0;0,0;0,0;868,4;18.459,0;7.778,4;0,0;0,0;0,0;0,0
TXL;FCO;0,0;0,0;0,0;0,0;0,0;10.136,3;12.409,0;23.159,4;0,0;0,0;0,0;3.633,1;6.541,0;4.209,0;0,0;0,0;0,0;12.635,8;36.299,3;7.536,9;0,0;0,0;0,0;5.818,3;2.533,3;10.660,4;0,0;0,0;0,0;0,0
TXL;DUB;0,0;0,0;0,0;0,0;0,0;11.697,9;5.193,6;1.001,5;0,0;0,0;0,0;16.342,2;78.430,0;3.239,1;0,0;0,0;0,0;1.956,1;9.915,2;6.033,1;0,0;0,0;0,0;14.354,0;1.631,3;23.180,0;0,0;0,0;0,0;0,0
TXL;ARN;0,0;0,0;0,0;0,0;0,0;4.267,4;14.994,8;939,6;0,0;0,0;0,0;17.611,9;5.833,0;4.756,7;0,0;0,0;0,0;2.466,9;18.936,1;12.667,0;0,0;0,0;0,0;10.289,0;6.764,0;19.134,0;0,0;0,0;0,0;0,0
TXL;LIS;0,0;0,0;0,0;0,0;0,0;17.787,2;38.020,6;3.529,4;0,0;0,0;0,0;11.375,3;10.502,3;1.538,5;0,0;0,0;0,0;16.143,6;2.708,6;29.442,6;0,0;0,0;0,0;39.590,4;3.461,9;6.781,6;0,0;0,0;0,0;0,0
TXL;TXL;0,0;0,0;0,0;0,0;0,0;0,0;0,0;0,0;0,0;0,0;0,0;0,0;0,0;0,0;0,0;0,0;0,0;0,0;0,0;0,0;0,0;0,0;0,0;0,0;0,0;0,0;0,0;0,0;0,0;0,0
TXL;HEL;0,0;0,0;0,0;0,0;0,0;2.497,5;5.314,5;3.567,3;0,0;0,0;0,0;4.400,4;21.665,1;1.837,6;0,0;0,0;0,0;4.023,0;3.989,5;2.721,8;0,0;0,0;0,0;64.420,6;1.161,8;23.496,2;0,0;0,0;0,0;0,0
TXL;WAW;0,0;0,0;0,0;0,0;0,0;1.460,5;11.869,8;2.080,7;0,0;0,0;0,0;16.118,7;59.963,3;7.574,9;0,0;0,0;0,0;841,3;3.013,8;5.176,4;0,0;0,0;0,0;70.791,1;3.140,3;8.549,0;0,0;0,0;0,0;0,0
TXL;EDI;0,0;0,0;0,0;0,0;0,0;7.448,8;1.784,4;376,0;0,0;0,0;0,0;45.023,8;4.059,2;6.670,6;0,0;0,0;0,0;3.396,4;5.329,4;24.714,3;0,0;0,0;0,0;74.864,4;25.155,7;2.328,6;0,0;0,0;0,0;0,0
TXL;OTP;0,0;0,0;0,0;0,0;0,0;49.273,4;4.044,0;3.529,6;0,0;0,0;0,0;7.597,2;9.076,0;1.408,1;0,0;0,0;0,0;30.941,1;3.601,6;15.729,4;0,0;0,0;0,0;6.372,3;5.179,3;12,3;0,0;0,0;0,0;0,0
TXL;HER;0,0;0,0;0,0;0,0;0,0;3.579,4;600,0;121,6;0,0;0,0;0,0;2.703,5;2.765,1;2.083,4;0,0;0,0;0,0;7.954,6;5.723,8;6.141,4;0,0;0,0;0,0;81.085,3;984,5;39.709,2;0,0;0,0;0,0;0,0
TXL;KEF;0,0;0,0;0,0;0,0;0,0;9.878,2;25.342,9;2.897,2;0,0;0,0;0,0;60.283,3;7.099,2;3.073,8;0,0;0,0;0,0;1.339,4;6.466,2;2.817,7;0,0;0,0;0,0;5.049,2;2.103,8;11.423,4;0,0;0,0;0,0;0,0
TXL;PMO;0,0;0,0;0,0;0,0;0,0;5.902,4;4.017,4;14.656,3;0,0;0,0;0,0;7.298,6;3.424,8;3.805,2;0,0;0,0;0,0;5.577,7;34.810,8;15.893,6;0,0;0,0;0,0;8.359,7;3.669,8;3.608,5;0,0;0,0;0,0;0,0
TXL;FNC;0,0;0,0;0,0;0,0;0,0;27.870,3;79.612,1;4.823,9;0,0;0,0;0,0;18.630,6;857,1;781,8;0,0;0,0;0,0;9.905,3;23.835,6;9.404,7;0,0;0,0;0,0;12.516,2;8.961,5;5.577,7;0,0;0,0;0,0;0,0
HEL;LHR;0,0;0,0;0,0;0,0;0,0;1.618,2;17.382,1;2.758,2;0,0;0,0;0,0;13.008,7;8.222,0;3.718,8;0,0;0,0;0,0;1.620,8;5.138,4;1.797,4;0,0;0,0;0,0;24.301,7;4.529,0;15.782,6;0,0;0,0;0,0;0,0
HEL;CDG;0,0;0,0;0,0;0,0;0,0;5.088,4;11.451,1;6.641,0;0,0;0,0;0,0;36.626,5;19.819,1;384,8;0,0;0,0;0,0;9.565,6;4.874,2;7.188,0;0,0;0,0;0,0;3.365,9;4.104,6;30.996,1;0,0;0,0;0,0;0,0
HEL;AMS;0,0;0,0;0,0;0,0;0,0;30.900,2;38.986,9;2.055,1;0,0;0,0;0,0;39.628,6;25.229,6;4.137,6;0,0;0,0;0,0;10.157,3;3.985,9;2.456,7;0,0;0,0;0,0;3.025,5;159,7;8.017,4;0,0;0,0;0,0;0,0
HEL;FRA;0,0;0,0;0,0;0,0;0,0;1.712,9;94.015,8;3.078,8;0,0;0,0;0,0;11.086,7;7.426,8;11.743,5;0,0;0,0;0,0;6.763,9;3.375,4;1.919,7;0,0;0,0;0,0;2.697,1;14,9;85.166,7;0,0;0,0;0,0;0,0
HEL;MAD;0,0;0,0;0,0;0,0;0,0;11.520,1;7.890,4;7.797,6;0,0;0,0;0,0;26.710,7;918,1;382,7;0,0;0,0;0,0;3.979,0;11.239,0;3.018,5;0,0;0,0;0,0;12.720,5;3.607,9;10.385,7;0,0;0,0;0,0;0,0
HEL;BCN;0,0;0,0;0,0;0,0;0,0;19.052,6;2.429,5;11.594,5;0,0;0,0;0,0;41.602,6;4.092,8;441,9;0,0;0,0;0,0;1.725,8;728,9;26.976,0;0,0;0,0;0,0;4.520,8;13.253,7;16.732,0;0,0;0,0;0,0;0,0
HEL;MUC;0,0;0,0;0,0;0,0;0,0;13.466,0;13.378,7;717,0;0,0;0,0;0,0;11.055,9;4.419,5;5.159,3;0,0;0,0;0,0;939,3;7.656,7;2.815,6;0,0;0,0;0,0;8.659,6;6.401,2;8.042,7;0,0;0,0;0,0;0,0
HEL;FCO;0,0;0,0;0,0;0,0;0,0;23.791,1;1.830,1;905,0;0,0;0,0;0,0;25.205,2;28.335,1;3.795,1;0,0;0,0;0,0;1.349,4;29.519,7;11.105,9;0,0;0,0;0,0;5.722,7;1.029,9;5.390,4;0,0;0,0;0,0;0,0
HEL;DUB;0,0;0,0;0,0;0,0;0,0;13.211,7;50.578,2;3.217,5;0,0;0,0;0,0;13.851,7;1.160,1;545,1;0,0;0,0;0,0;773,1;36.316,9;5.185,9;0,0;0,0;0,0;32.120,4;2.998,0;8.699,1;0,0;0,0;0,0;0,0
HEL;ARN;0,0;0,0;0,0;0,0;0,0;13.363,3;9.581,4;10.748,6;0,0;0,0;0,0;8.174,5;24.940,2;4.286,2;0,0;0,0;0,0;4.681,7;5.226,4;12.956,8;0,0;0,0;0,0;524,1;1.702,5;23.550,6;0,0;0,0;0,0;0,0
HEL;LIS;0,0;0,0;0,0;0,0;0,0;1.290,2;1.044,2;1.492,5;0,0;0,0;0,0;12.203,4;12.871,2;2.213,7;0,0;0,0;0,0;1.176,7;3.692,4;3.475,9;0,0;0,0;0,0;5.394,3;4.038,6;30.316,7;0,0;0,0;0,0;0,0
HEL;TXL;0,0;0,0;0,0;0,0;0,0;53.628,5;16.867,2;7.714,4;0,0;0,0;0,0;23.997,1;12.037,3;8.782,5;0,0;0,0;0,0;2.387,6;8.815,9;9.224,3;0,0;0,0;0,0;1.280,2;387,6;7.809,5;0,0;0,0;0,0;0,0
HEL;HEL;0,0;0,0;0,0;0,0;0,0;0,0;0,0;0,0;0,0;0,0;0,0;0,0;0,0;0,0;0,0;0,0;0,0;0,0;0,0;0,0;0,0;0,0;0,0;0,0;0,0;0,0;0,0;0,0;0,0;0,0
HEL;WAW;0,0;0,0;0,0;0,0;0,0;4.061,7;24.214,0;1.621,8;0,0;0,0;0,0;1.115,0;32.231,8;35,0;0,0;0,0;0,0;4.679,1;9.533,4;24.628,6;0,0;0,0;0,0;81.117,2;2.359,7;6,0;0,0;0,0;0,0;0,0
HEL;EDI;0,0;0,0;0,0;0,0;0,0;6.367,0;25.848,4;1.163,4;0,0;0,0;0,0;19.138,9;17.195,7;5.442,7;0,0;0,0;0,0;4.465,3;10.674,7;28.305,2;0,0;0,0;0,0;46.574,6;1.032,3;955,8;0,0;0,0;0,0;0,0
HEL;OTP;0,0;0,0;0,0;0,0;0,0;32.626,5;8.116,1;2.831,3;0,0;0,0;0,0;343,0;3.061,1;2.852,1;0,0;0,0;0,0;1.615,7;7.940,3;19.136,3;0,0;0,0;0,0;21.600,5;24.991,9;42.569,4;0,0;0,0;0,0;0,0
HEL;HER;0,0;0,0;0,0;0,0;0,0;549,1;6.022,4;222,8;0,0;0,0;0,0;3.434,9;3.377,5;8.658,2;0,0;0,0;0,0;11.486,7;13.040,6;12.336,6;0,0;0,0;0,0;4.303,5;2.798,2;45.072,1;0,0;0,0;0,0;0,0
HEL;KEF;0,0;0,0;0,0;0,0;0,0;2.638,0;419,3;8.420,4;0,0;0,0;0,0;15.784,7;18.236,3;3.666,7;0,0;0,0;0,0;2.184,5;5.423,7;3,4;0,0;0,0;0,0;21.324,5;7.357,7;12.565,0;0,0;0,0;0,0;0,0
HEL;PMO;0,0;0,0;0,0;0,0;0,0;19.686,6;6.431,1;3.336,5;0,0;0,0;0,0;49.074,9;5.286,0;2.699,0;0,0;0,0;0,0;16.398,9;3.880,8;26.405,9;0,0;0,0;0,0;20.595,1;1.100,4;17.572,7;0,0;0,0;0,0;0,0
HEL;FNC;0,0;0,0;0,0;0,0;0,0;48.689,0;23.045,7;2.639,5;0,0;0,0;0,0;56.752,2;13.670,5;5.367,6;0,0;0,0;0,0;3.745,4;8.882,5;5.881,0;0,0;0,0;0,0;13.296,0;2.647,4;1.561,2;0,0;0,0;0,0;0,0
WAW;LHR;0,0;0,0;0,0;0,0;0,0;2.434,8;16.439,5;3.593,6;0,0;0,0;0,0;2.590,9;10.962,4;1.202,4;0,0;0,0;0,0;34.019,9;9.356,5;34.429,8;0,0;0,0;0,0;2.305,7;2.566,8;31.449,2;0,0;0,0;0,0;0,0
WAW;CDG;0,0;0,0;0,0;0,0;0,0;15.212,5;3.601,7;8.059,2;0,0;0,0;0,0;758,3;4.180,6;8.383,6;0,0;0,0;0,0;30.366,5;4.198,9;15.722,1;0,0;0,0;0,0;36.034,9;2.778,3;87.137,5;0,0;0,0;0,0;0,0
WAW;AMS;0,0;0,0;0,0;0,0;0,0;21.125,7;108.961,8;550,5;0,0;0,0;0,0;12.675,4;39.860,6;747,8;0,0;0,0;0,0;1.017,9;2.807,5;16.010,4;0,0;0,0;0,0;30.960,4;3.880,5;26.112,7;0,0;0,0;0,0;0,0
WAW;FRA;0,0;0,0;0,0;0,0;0,0;9.582,2;26.647,6;6.090,7;0,0;0,0;0,0;1.559,1;24.252,7;8.837,2;0,0;0,0;0,0;10.730,5;4.090,8;3.582,6;0,0;0,0;0,0;18.337,0;5.789,3;60,7;0,0;0,0;0,0;0,0
WAW;MAD;0,0;0,0;0,0;0,0;0,0;397.019,9;1.611,8;5.016,0;0,0;0,0;0,0;12.467,6;6.697,0;1.833,7;0,0;0,0;0,0;3.312,7;821,5;4.832,0;0,0;0,0;0,0;13.773,9;3.688,6;57.217,0;0,0;0,0;0,0;0,0
WAW;BCN;0,0;0,0;0,0;0,0;0,0;1.818,3;38.897,5;151,3;0,0;0,0;0,0;13.312,0;7.187,7;2.518,9;0,0;0,0;0,0;11.716,7;11.596,3;1.000,3;0,0;0,0;0,0;1.532,5;9.487,3;23.248,8;0,0;0,0;0,0;0,0
WAW;MUC;0,0;0,0;0,0;0,0;0,0;10.669,9;25.581,9;34,8;0,0;0,0;0,0;8.871,5;3.225,7;3.305,4;0,0;0,0;0,0;6.715,3;29.170,7;34.617,7;0,0;0,0;0,0;17.573,2;5.354,6;38.123,3;0,0;0,0;0,0;0,0
WAW;FCO;0,0;0,0;0,0;0,0;0,0;72.529,5;435,6;1.943,0;0,0;0,0;0,0;25.808,8;9.445,8;7.668,5;0,0;0,0;0,0;13.689,4;2.113,2;7.103,6;0,0;0,0;0,0;3.457,7;1.957,6;6.957,0;0,0;0,0;0,0;0,0
WAW;DUB;0,0;0,0;0,0;0,0;0,0;19.180,8;87.486,9;1.627,0;0,0;0,0;0,0;3.915,0;6.524,9;3.200,1;0,0;0,0;0,0;901,2;833,0;14.058,9;0,0;0,0;0,0;75.505,4;3.485,9;8.518,9;0,0;0,0;0,0;0,0
WAW;ARN;0,0;0,0;0,0;0,0;0,0;8.871,2;988,0;2.901,9;0,0;0,0;0,0;22.290,9;5.635,7;435,0;0,0;0,0;0,0;2.289,3;6.652,6;42.121,0;0,0;0,0;0,0;7.425,9;110,3;2.113,6;0,0;0,0;0,0;0,0
WAW;LIS;0,0;0,0;0,0;0,0;0,0;4.356,6;64.255,3;7.693,1;0,0;0,0;0,0;15.397,2;12.721,4;8.221,8;0,0;0,0;0,0;13.534,2;15.094,6;7.923,3;0,0;0,0;0,0;8.621,0;1,8;12.866,0;0,0;0,0;0,0;0,0
WAW;TXL;0,0;0,0;0,0;0,0;0,0;48.810,5;71.198,0;963,1;0,0;0,0;0,0;19.605,0;2.250,1;4.402,3;0,0;0,0;0,0;7.409,2;3.402,8;15.590,8;0,0;0,0;0,0;17.038,3;1.012,1;22.518,0;0,0;0,0;0,0;0,0
WAW;HEL;0,0;0,0;0,0;0,0;0,0;9.390,5;12.493,7;8.137,7;0,0;0,0;0,0;10.484,4;11.917,1;398,1;0,0;0,0;0,0;1.135,9;3.506,0;13.732,7;0,0;0,0;0,0;12.567,5;13.429,6;35.522,0;0,0;0,0;0,0;0,0
WAW;WAW;0,0;0,0;0,0;0,0;0,0;0,0;0,0;0,0;0,0;0,0;0,0;0,0;0,0;0,0;0,0;0,0;0,0;0,0;0,0;0,0;0,0;0,0;0,0;0,0;0,0;0,0;0,0;0,0;0,0;0,0
WAW;EDI;0,0;0,0;0,0;0,0;0,0;28.683,4;2.649,1;2.632,0;0,0;0,0;0,0;13.959,9;3.193,4;833,2;0,0;0,0;0,0;6.420,2;22.991,4;19.157,5;0,0;0,0;0,0;104.663,6;45,9;28.282,9;0,0;0,0;0,0;0,0
WAW;OTP;0,0;0,0;0,0;0,0;0,0;21.697,6;689,1;246,0;0,0;0,0;0,0;16.705,9;9.822,3;1.463,7;0,0;0,0;0,0;8.055,6;8.224,9;6.215,5;0,0;0,0;0,0;11.303,7;6.490,0;18.551,1;0,0;0,0;0,0;0,0
WAW;HER;0,0;0,0;0,0;0,0;0,0;386,9;2.615,6;2.155,5;0,0;0,0;0,0;23.822,4;39.167,3;6.678,4;0,0;0,0;0,0;6.740,1;20.010,1;39.241,2;0,0;0,0;0,0;69.521,0;10.027,5;21.439,3;0,0;0,0;0,0;0,0
WAW;KEF;0,0;0,0;0,0;0,0;0,0;25.280,2;7.524,8;2.481,3;0,0;0,0;0,0;12.855,0;15.212,8;3.765,3;0,0;0,0;0,0;1.243,8;63.208,1;907,7;0,0;0,0;0,0;5.579,8;3.707,7;45.564,3;0,0;0,0;0,0;0,0
WAW;PMO;0,0;0,0;0,0;0,0;0,0;24.446,6;20.422,5;2.856,0;0,0;0,0;0,0;29.630,8;5.075,3;2.250,6;0,0;0,0;0,0;9.572,9;47.215,4;1.051,0;0,0;0,0;0,0;30.697,4;3.438,7;13.955,2;0,0;0,0;0,0;0,0
WAW;FNC;0,0;0,0;0,0;0,0;0,0;5.030,5;1.879,6;3.091,1;0,0;0,0;0,0;16.552,6;85.311,0;8.941,0;0,0;0,0;0,0;18.565,0;7.552,5;1.577,8;0,0;0,0;0,0;3.450,3;10.403,7;1.327,4;0,0;0,0;0,0;0,0
EDI;LHR;0,0;0,0;0,0;0,0;0,0;14.149,5;27.008,7;903,6;0,0;0,0;0,0;8.999,2;7.043,7;3.774,2;0,0;0,0;0,0;2.034,1;220,3;2.205,1;0,0;0,0;0,0;114.275,7;3.694,3;5.312,7;0,0;0,0;0,0;0,0
EDI;CDG;0,0;0,0;0,0;0,0;0,0;1.097,2;41.176,0;6.378,9;0,0;0,0;0,0;9.362,4;16.211,7;5.844,6;0,0;0,0;0,0;6.259,6;31.299,3;17.615,7;0,0;0,0;0,0;587,3;9.206,7;419,4;0,0;0,0;0,0;0,0
EDI;AMS;0,0;0,0;0,0;0,0;0,0;11.434,3;31.075,6;1.066,6;0,0;0,0;0,0;17.751,8;12.112,2;11.551,5;0,0;0,0;0,0;1.744,4;2.425,6;2.244,8;0,0;0,0;0,0;7.028,4;7.863,7;17.977,7;0,0;0,0;0,0;0,0
EDI;FRA;0,0;0,0;0,0;0,0;0,0;9.139,4;24.921,9;397,9;0,0;0,0;0,0;11.942,0;7.281,9;1.396,6;0,0;0,0;0,0;3.261,1;3.275,7;61.365,6;0,0;0,0;0,0;17.633,9;7.467,9;62.667,9;0,0;0,0;0,0;0,0
EDI;MAD;0,0;0,0;0,0;0,0;0,0;13.614,8;8.163,3;1.920,8;0,0;0,0;0,0;896,8;10.477,6;2.471,9;0,0;0,0;0,0;3.886,3;432,8;6.673,0;0,0;0,0;0,0;51.761,5;4.875,5;38.351,2;0,0;0,0;0,0;0,0
EDI;BCN;0,0;0,0;0,0;0,0;0,0;2.700,5;20.233,9;2.127,8;0,0;0,0;0,0;3.665,8;21.964,7;1.367,8;0,0;0,0;0,0;10.454,3;5.749,8;23.398,5;0,0;0,0;0,0;1.193,4;1.156,7;10.812,4;0,0;0,0;0,0;0,0
EDI;MUC;0,0;0,0;0,0;0,0;0,0;4.861,1;1.605,6;458,0;0,0;0,0;0,0;20.319,5;13.706,3;15.791,6;0,0;0,0;0,0;6.808,6;8.571,2;12.411,5;0,0;0,0;0,0;4.617,2;907,0;40.362,1;0,0;0,0;0,0;0,0
EDI;FCO;0,0;0,0;0,0;0,0;0,0;24.520,6;2.486,3;4.265,9;0,0;0,0;0,0;4.188,6;841,3;17.542,0;0,0;0,0;0,0;1.336,1;1.915,7;19.556,5;0,0;0,0;0,0;175.350,4;4.234,7;6.555,6;0,0;0,0;0,0;0,0
EDI;DUB;0,0;0,0;0,0;0,0;0,0;11.306,8;4.569,6;14.980,5;0,0;0,0;0,0;15.179,9;34.679,2;50,9;0,0;0,0;0,0;3.346,2;3.480,7;134.290,1;0,0;0,0;0,0;6.572,9;12.748,3;1.152,9;0,0;0,0;0,0;0,0
EDI;ARN;0,0;0,0;0,0;0,0;0,0;35.098,7;7.083,5;8.317,1;0,0;0,0;0,0;11.465,4;12.410,4;3.374,8;0,0;0,0;0,0;3.025,4;2.706,2;44.617,2;0,0;0,0;0,0;108.964,9;1.549,7;6.030,7;0,0;0,0;0,0;0,0
EDI;LIS;0,0;0,0;0,0;0,0;0,0;1.534,3;18.737,0;6.773,6;0,0;0,0;0,0;2.393,7;32.298,9;5.829,5;0,0;0,0;0,0;2.725,3;7.357,9;8.524,6;0,0;0,0;0,0;6.955,8;40,3;4.553,6;0,0;0,0;0,0;0,0
EDI;TXL;0,0;0,0;0,0;0,0;0,0;3.324,6;707,2;8.325,1;0,0;0,0;0,0;87.235,1;1.326,2;6.646,6;0,0;0,0;0,0;4.768,0;1.192,0;29.940,2;0,0;0,0;0,0;13.825,4;19.015,8;12.690,9;0,0;0,0;0,0;0,0
EDI;HEL;0,0;0,0;0,0;0,0;0,0;2.614,2;41.368,9;486,3;0,0;0,0;0,0;19.766,3;6.695,0;8.283,6;0,0;0,0;0,0;234,8;38.479,6;32.151,2;0,0;0,0;0,0;52.947,3;87,8;5.428,7;0,0;0,0;0,0;0,0
EDI;WAW;0,0;0,0;0,0;0,0;0,0;7.858,2;9.949,6;5.314,6;0,0;0,0;0,0;20.571,1;13.639,5;697,6;0,0;0,0;0,0;14.428,7;18.689,3;1.240,7;0,0;0,0;0,0;1.512,4;148,6;50.377,9;0,0;0,0;0,0;0,0
EDI;EDI;0,0;0,0;0,0;0,0;0,0;0,0;0,0;0,0;0,0;0,0;0,0;0,0;0,0;0,0;0,0;0,0;0,0;0,0;0,0;0,0;0,0;0,0;0,0;0,0;0,0;0,0;0,0;0,0;0,0;0,0
EDI;OTP;0,0;0,0;0,0;0,0;0,0;30.418,1;7.068,1;37.676,6;0,0;0,0;0,0;24.267,9;8.370,9;8.789,3;0,0;0,0;0,0;3.732,8;5.262,7;8.327,7;0,0;0,0;0,0;40.378,9;26,4;2.615,2;0,0;0,0;0,0;0,0
EDI;HER;0,0;0,0;0,0;0,0;0,0;33.683,9;4.863,5;1.588,1;0,0;0,0;0,0;17.243,9;10.891,3;1.604,7;0,0;0,0;0,0;2.112,2;8.552,9;36.028,8;0,0;0,0;0,0;105.695,7;8.329,3;9.826,0;0,0;0,0;0,0;0,0
EDI;KEF;0,0;0,0;0,0;0,0;0,0;5.675,4;27.832,8;3.772,8;0,0;0,0;0,0;12.463,9;11.512,1;5.259,3;0,0;0,0;0,0;1.491,6;8.809,2;14.918,0;0,0;0,0;0,0;2.649,7;2.405,3;3.844,0;0,0;0,0;0,0;0,0
EDI;PMO;0,0;0,0;0,0;0,0;0,0;10.667,2;7.451,1;1.519,2;0,0;0,0;0,0;1.341,1;32.261,0;33.393,4;0,0;0,0;0,0;21.539,6;21.802,4;6.221,8;0,0;0,0;0,0;367,9;3.993,5;29.234,9;0,0;0,0;0,0;0,0
EDI;FNC;0,0;0,0;0,0;0,0;0,0;4.930,3;1.874,3;4.264,8;0,0;0,0;0,0;2.809,6;4.142,3;3.471,3;0,0;0,0;0,0;1.660,2;188.286,7;106.326,3;0,0;0,0;0,0;21.068,8;12.365,6;8.367,1;0,0;0,0;0,0;0,0
OTP;LHR;0,0;0,0;0,0;0,0;0,0;11.782,8;9.710,2;847,7;0,0;0,0;0,0;3.017,4;684,9;1.034,6;0,0;0,0;0,0;11.916,9;22.859,7;13.493,6;0,0;0,0;0,0;16.201,3;1.408,6;5.572,7;0,0;0,0;0,0;0,0
OTP;CDG;0,0;0,0;0,0;0,0;0,0;4.117,7;1.876,4;1.592,4;0,0;0,0;0,0;8.315,6;8.238,5;4.015,0;0,0;0,0;0,0;15.133,2;6.632,7;19.153,2;0,0;0,0;0,0;4.927,7;4.002,5;19.979,4;0,0;0,0;0,0;0,0
OTP;AMS;0,0;0,0;0,0;0,0;0,0;19.459,0;139,2;646,4;0,0;0,0;0,0;32.553,7;51.317,5;3.860,5;0,0;0,0;0,0;2.425,9;33.426,3;46.278,5;0,0;0,0;0,0;3.456,0;4.003,4;26.487,5;0,0;0,0;0,0;0,0
OTP;FRA;0,0;0,0;0,0;0,0;0,0;6.017,5;918,1;2.226,5;0,0;0,0;0,0;6.696,9;21.102,6;9.712,8;0,0;0,0;0,0;6.910,4;7.409,2;3.341,4;0,0;0,0;0,0;12.702,7;1.272,7;9.742,4;0,0;0,0;0,0;0,0
OTP;MAD;0,0;0,0;0,0;0,0;0,0;43.644,5;12.340,7;646,8;0,0;0,0;0,0;3.162,1;11.214,9;3.873,8;0,0;0,0;0,0;6.865,6;5.595,6;46.157,7;0,0;0,0;0,0;27.000,8;3.784,4;6.259,1;0,0;0,0;0,0;0,0
OTP;BCN;0,0;0,0;0,0;0,0;0,0;1.333,4;11.201,9;10.063,8;0,0;0,0;0,0;1.249,8;12.365,5;1.716,9;0,0;0,0;0,0;10.085,7;22.189,1;21.658,1;0,0;0,0;0,0;9.750,4;8.871,8;20.452,8;0,0;0,0;0,0;0,0
OTP;MUC;0,0;0,0;0,0;0,0;0,0;650,6;2.937,4;8.470,4;0,0;0,0;0,0;15.580,2;9.563,7;6.672,7;0,0;0,0;0,0;5.785,3;26,1;4.514,4;0,0;0,0;0,0;27.924,2;12.214,3;47.183,5;0,0;0,0;0,0;0,0
OTP;FCO;0,0;0,0;0,0;0,0;0,0;31.398,3;13.585,1;2.844,6;0,0;0,0;0,0;21.100,5;13.064,0;948,9;0,0;0,0;0,0;9.908,1;7.336,2;20.164,8;0,0;0,0;0,0;27.107,6;4.521,3;35.248,8;0,0;0,0;0,0;0,0
OTP;DUB;0,0;0,0;0,0;0,0;0,0;4.260,4;12.505,0;244,2;0,0;0,0;0,0;1.834,6;8.783,4;19.969,5;0,0;0,0;0,0;2.464,8;4.413,6;4.298,1;0,0;0,0;0,0;14.327,7;13.473,5;3.004,6;0,0;0,0;0,0;0,0
OTP;ARN;0,0;0,0;0,0;0,0;0,0;2.254,4;7.047,4;7.004,7;0,0;0,0;0,0;16.621,0;13.219,4;9.884,7;0,0;0,0;0,0;10.451,1;3.784,5;13.626,3;0,0;0,0;0,0;9.017,7;1.481,1;26.803,2;0,0;0,0;0,0;0,0
OTP;LIS;0,0;0,0;0,0;0,0;0,0;12.150,8;12.648,4;0,6;0,0;0,0;0,0;1.694,1;1.584,4;861,3;0,0;0,0;0,0;634,9;45.985,8;16.397,8;0,0;0,0;0,0;2.335,9;2.390,2;29.927,4;0,0;0,0;0,0;0,0
OTP;TXL;0,0;0,0;0,0;0,0;0,0;47.952,2;3.375,5;192,7;0,0;0,0;0,0;31.753,3;3.433,4;1.306,3;0,0;0,0;0,0;10.838,6;16.518,7;1.932,4;0,0;0,0;0,0;7.235,1;5.598,6;3.079,3;0,0;0,0;0,0;0,0
OTP;HEL;0,0;0,0;0,0;0,0;0,0;31.086,5;30.493,2;1.707,7;0,0;0,0;0,0;19.193,7;17.671,8;1.371,2;0,0;0,0;0,0;1.622,4;15.517,5;8.324,0;0,0;0,0;0,0;23.711,3;22.427,2;8.600,6;0,0;0,0;0,0;0,0
OTP;WAW;0,0;0,0;0,0;0,0;0,0;25.198,7;22.532,0;1.911,8;0,0;0,0;0,0;41.692,2;49.962,4;686,6;0,0;0,0;0,0;3.523,3;12.049,4;91.372,8;0,0;0,0;0,0;9.167,5;6.939,7;17.080,8;0,0;0,0;0,0;0,0
OTP;EDI;0,0;0,0;0,0;0,0;0,0;22.542,6;21.095,8;2.137,4;0,0;0,0;0,0;86.062,4;11.520,1;4.027,9;0,0;0,0;0,0;843,0;739,9;7.729,1;0,0;0,0;0,0;12.110,3;3.041,3;18.626,9;0,0;0,0;0,0;0,0
OTP;OTP;0,0;0,0;0,0;0,0;0,0;0,0;0,0;0,0;0,0;0,0;0,0;0,0;0,0;0,0;0,0;0,0;0,0;0,0;0,0;0,0;0,0;0,0;0,0;0,0;0,0;0,0;0,0;0,0;0,0;0,0
OTP;HER;0,0;0,0;0,0;0,0;0,0;7.536,7;4.064,3;2.836,9;0,0;0,0;0,0;3.164,8;9.038,4;47.832,8;0,0;0,0;0,0;14.466,9;428,6;31.070,2;0,0;0,0;0,0;7.972,7;9.112,6;32.635,1;0,0;0,0;0,0;0,0
OTP;KEF;0,0;0,0;0,0;0,0;0,0;17.400,7;2.975,8;9.512,8;0,0;0,0;0,0;7.436,2;4.817,9;2.910,2;0,0;0,0;0,0;52.439,9;8.299,5;6.121,6;0,0;0,0;0,0;10.923,8;1.120,1;1.174,6;0,0;0,0;0,0;0,0
OTP;PMO;0,0;0,0;0,0;0,0;0,0;19.489,7;37.309,5;498,7;0,0;0,0;0,0;9.619,8;11.484,7;2.091,3;0,0;0,0;0,0;38.724,8;27.348,0;18.776,4;0,0;0,0;0,0;1.537,4;2.491,3;21.591,3;0,0;0,0;0,0;0,0
OTP;FNC;0,0;0,0;0,0;0,0;0,0;3.899,9;21.090,8;12.281,2;0,0;0,0;0,0;5.177,5;407,4;902,6;0,0;0,0;0,0;11.439,1;21.340,6;6.244,4;0,0;0,0;0,0;29.824,6;453,2;28.776,0;0,0;0,0;0,0;0,0
HER;LHR;0,0;0,0;0,0;0,0;0,0;4.080,1;3.866,2;2.828,3;0,0;0,0;0,0;6.219,8;23.377,3;16.698,7;0,0;0,0;0,0;7.838,1;21.895,8;39.214,0;0,0;0,0;0,0;2.863,8;5.051,4;40.583,7;0,0;0,0;0,0;0,0
HER;CDG;0,0;0,0;0,0;0,0;0,0;737,8;46.694,0;5.840,7;0,0;0,0;0,0;16.701,7;12.676,0;7.213,0;0,0;0,0;0,0;306,5;27.687,0;65.608,7;0,0;0,0;0,0;1.562,8;109,0;1.762,8;0,0;0,0;0,0;0,0
HER;AMS;0,0;0,0;0,0;0,0;0,0;14.777,9;5.366,5;275,3;0,0;0,0;0,0;49.425,3;21.727,6;1.623,9;0,0;0,0;0,0;3.134,1;27.010,1;4.684,7;0,0;0,0;0,0;15.321,5;2.127,6;8.586,7;0,0;0,0;0,0;0,0
HER;FRA;0,0;0,0;0,0;0,0;0,0;39.597,8;18.711,5;5.772,8;0,0;0,0;0,0;12.902,0;4.046,4;633,5;0,0;0,0;0,0;2.841,4;3.012,1;2.894,5;0,0;0,0;0,0;7.808,8;245,2;13.194,4;0,0;0,0;0,0;0,0
HER;MAD;0,0;0,0;0,0;0,0;0,0;5.302,0;11.962,2;13.661,8;0,0;0,0;0,0;7.945,0;23.559,1;5.398,2;0,0;0,0;0,0;16.952,1;17.090,7;20.358,9;0,0;0,0;0,0;18.176,0;5.818,4;85.980,3;0,0;0,0;0,0;0,0
HER;BCN;0,0;0,0;0,0;0,0;0,0;2.746,7;488,6;980,1;0,0;0,0;0,0;25.321,1;6.218,7;4.837,5;0,0;0,0;0,0;4.513,7;23.171,6;42.982,6;0,0;0,0;0,0;42.901,9;6.049,7;1.484,1;0,0;0,0;0,0;0,0
HER;MUC;0,0;0,0;0,0;0,0;0,0;16.226,6;19.778,5;2.732,4;0,0;0,0;0,0;2.706,9;11.982,4;3.148,5;0,0;0,0;0,0;709,7;5.424,3;16.965,0;0,0;0,0;0,0;393,5;1.442,3;7.612,3;0,0;0,0;0,0;0,0
HER;FCO;0,0;0,0;0,0;0,0;0,0;5.292,3;29.821,7;6.501,4;0,0;0,0;0,0;18.192,8;972,3;3.372,6;0,0;0,0;0,0;8.864,8;4.596,0;4.750,2;0,0;0,0;0,0;7.905,4;4.564,8;27.741,2;0,0;0,0;0,0;0,0
HER;DUB;0,0;0,0;0,0;0,0;0,0;17.519,0;21.549,0;5.568,9;0,0;0,0;0,0;10.270,2;20.055,7;2.876,7;0,0;0,0;0,0;486,5;5.293,7;3.523,5;0,0;0,0;0,0;6.932,9;11.066,4;34.425,4;0,0;0,0;0,0;0,0
HER;ARN;0,0;0,0;0,0;0,0;0,0;28.612,7;1.264,4;3.506,9;0,0;0,0;0,0;11.582,4;21.424,8;1.758,5;0,0;0,0;0,0;5.841,0;8.581,0;10.441,0;0,0;0,0;0,0;240,4;3.949,3;21.824,7;0,0;0,0;0,0;0,0
HER;LIS;0,0;0,0;0,0;0,0;0,0;4.502,9;13.799,2;4.099,2;0,0;0,0;0,0;23.066,2;7.860,4;3.592,4;0,0;0,0;0,0;8.377,2;12.218,5;6.204,2;0,0;0,0;0,0;10.302,2;1.044,6;15.382,5;0,0;0,0;0,0;0,0
HER;TXL;0,0;0,0;0,0;0,0;0,0;32.306,5;303,5;4.158,2;0,0;0,0;0,0;37.627,6;10.327,9;850,3;0,0;0,0;0,0;3.557,7;9.208,0;58.802,0;0,0;0,0;0,0;21.472,8;383,2;756,0;0,0;0,0;0,0;0,0
HER;HEL;0,0;0,0;0,0;0,0;0,0;8.265,1;2.233,3;2.391,7;0,0;0,0;0,0;36.871,2;42.825,8;5.806,4;0,0;0,0;0,0;753,4;8.791,7;29.081,2;0,0;0,0;0,0;1.264,5;1.711,2;3.406,8;0,0;0,0;0,0;0,0
HER;WAW;0,0;0,0;0,0;0,0;0,0;144,9;5.876,9;5.657,7;0,0;0,0;0,0;9.645,4;1.729,1;1.316,3;0,0;0,0;0,0;3.869,5;27.328,6;26.114,0;0,0;0,0;0,0;5.947,7;3.653,8;84.192,5;0,0;0,0;0,0;0,0
HER;EDI;0,0;0,0;0,0;0,0;0,0;5.563,8;91.240,2;18.846,4;0,0;0,0;0,0;15.850,0;5.868,5;5.868,5;0,0;0,0;0,0;15.320,7;11.885,6;114.599,3;0,0;0,0;0,0;9.933,4;2.957,0;36.647,1;0,0;0,0;0,0;0,0
HER;OTP;0,0;0,0;0,0;0,0;0,0;16.742,3;3.153,7;1.614,8;0,0;0,0;0,0;39.711,5;479,3;338,7;0,0;0,0;0,0;3.897,1;462,6;16.495,8;0,0;0,0;0,0;37.215,4;5.571,4;46.995,6;0,0;0,0;0,0;0,0
HER;HER;0,0;0,0;0,0;0,0;0,0;0,0;0,0;0,0;0,0;0,0;0,0;0,0;0,0;0,0;0,0;0,0;0,0;0,0;0,0;0,0;0,0;0,0;0,0;0,0;0,0;0,0;0,0;0,0;0,0;0,0
HER;KEF;0,0;0,0;0,0;0,0;0,0;35.352,4;18.829,4;3.458,3;0,0;0,0;0,0;6.416,2;14.271,3;5.841,6;0,0;0,0;0,0;6.433,0;752,5;1.344,0;0,0;0,0;0,0;9.356,5;6.118,3;72.462,6;0,0;0,0;0,0;0,0
HER;PMO;0,0;0,0;0,0;0,0;0,0;2.527,7;4.858,3;1.764,4;0,0;0,0;0,0;66.960,7;14.102,8;1.903,0;0,0;0,0;0,0;6.437,7;12.651,2;5.047,1;0,0;0,0;0,0;14.781,8;1.159,4;8.007,6;0,0;0,0;0,0;0,0
HER;FNC;0,0;0,0;0,0;0,0;0,0;3.248,0;14.232,5;1.764,3;0,0;0,0;0,0;39.508,9;13.568,8;9.830,2;0,0;0,0;0,0;10.540,2;2.911,6;29.253,9;0,0;0,0;0,0;10.274,8;1.069,2;9.101,2;0,0;0,0;0,0;0,0
KEF;LHR;0,0;0,0;0,0;0,0;0,0;8.692,7;19.926,0;2.880,2;0,0;0,0;0,0;16.053,4;4.117,8;3.096,6;0,0;0,0;0,0;7.492,4;12.755,5;6.126,5;0,0;0,0;0,0;46.492,1;7.243,2;8.967,6;0,0;0,0;0,0;0,0
KEF;CDG;0,0;0,0;0,0;0,0;0,0;64.679,7;8.509,1;2.176,8;0,0;0,0;0,0;33.627,9;7.970,9;8.728,5;0,0;0,0;0,0;3.640,4;7.749,1;35.453,3;0,0;0,0;0,0;3.388,7;4.181,7;9.953,0;0,0;0,0;0,0;0,0
KEF;AMS;0,0;0,0;0,0;0,0;0,0;56.546,1;4.888,1;6.441,1;0,0;0,0;0,0;2.850,0;62.414,2;927,5;0,0;0,0;0,0;7.179,2;19.262,9;7.827,1;0,0;0,0;0,0;17.796,3;552,2;6.362,7;0,0;0,0;0,0;0,0
KEF;FRA;0,0;0,0;0,0;0,0;0,0;1.829,8;42.314,1;7.415,4;0,0;0,0;0,0;7.451,6;3.322,8;580,8;0,0;0,0;0,0;14.762,6;6.458,9;9.143,6;0,0;0,0;0,0;28.680,7;5.108,1;5.165,7;0,0;0,0;0,0;0,0
KEF;MAD;0,0;0,0;0,0;0,0;0,0;61.851,6;84.875,7;1.922,8;0,0;0,0;0,0;2.583,2;19.741,3;1.592,5;0,0;0,0;0,0;5.242,1;19.684,0;54.029,9;0,0;0,0;0,0;10.547,6;3.792,1;5.842,9;0,0;0,0;0,0;0,0
KEF;BCN;0,0;0,0;0,0;0,0;0,0;6.465,5;4.525,7;4.187,2;0,0;0,0;0,0;33.956,6;21.737,8;2.765,6;0,0;0,0;0,0;885,3;6.127,0;14.265,3;0,0;0,0;0,0;37.225,1;2.589,9;1.131,6;0,0;0,0;0,0;0,0
KEF;MUC;0,0;0,0;0,0;0,0;0,0;15.943,1;26.945,9;1.389,2;0,0;0,0;0,0;4.527,2;1.430,8;2.365,6;0,0;0,0;0,0;318,3;5.559,5;10.539,2;0,0;0,0;0,0;43.388,1;8.222,1;9.925,8;0,0;0,0;0,0;0,0
KEF;FCO;0,0;0,0;0,0;0,0;0,0;2.525,0;8.551,0;12.093,9;0,0;0,0;0,0;15.742,3;6.479,1;4.792,2;0,0;0,0;0,0;898,1;9.614,2;87.614,5;0,0;0,0;0,0;23.562,0;616,7;28.234,9;0,0;0,0;0,0;0,0
KEF;DUB;0,0;0,0;0,0;0,0;0,0;13.701,4;5.056,9;5.118,3;0,0;0,0;0,0;6.274,2;4.251,3;4.707,0;0,0;0,0;0,0;403,3;6.057,6;28.968,3;0,0;0,0;0,0;5.889,7;2.685,4;17.000,9;0,0;0,0;0,0;0,0
KEF;ARN;0,0;0,0;0,0;0,0;0,0;33.399,1;2.906,1;2.636,8;0,0;0,0;0,0;16.868,1;272,0;104,5;0,0;0,0;0,0;7.329,2;37.151,9;3.130,4;0,0;0,0;0,0;25.436,2;4.686,9;7.438,0;0,0;0,0;0,0;0,0
KEF;LIS;0,0;0,0;0,0;0,0;0,0;2.444,5;8.232,5;124,0;0,0;0,0;0,0;58.190,7;13.403,1;2.233,0;0,0;0,0;0,0;9.860,3;3.493,5;15.296,6;0,0;0,0;0,0;6.037,0;1.530,1;8.027,9;0,0;0,0;0,0;0,0
KEF;TXL;0,0;0,0;0,0;0,0;0,0;9.909,5;22.231,0;2.048,0;0,0;0,0;0,0;1.367,0;26.297,0;7.155,6;0,0;0,0;0,0;17.989,0;30.694,0;4.854,1;0,0;0,0;0,0;19.177,4;3.297,2;23.284,0;0,0;0,0;0,0;0,0
KEF;HEL;0,0;0,0;0,0;0,0;0,0;6.759,1;5.324,3;4.867,4;0,0;0,0;0,0;3.007,1;16.184,9;12.059,9;0,0;0,0;0,0;17.542,6;24.052,0;20.730,8;0,0;0,0;0,0;35.171,0;615,0;9.699,2;0,0;0,0;0,0;0,0
KEF;WAW;0,0;0,0;0,0;0,0;0,0;1.443,4;25.652,0;9.416,5;0,0;0,0;0,0;710,9;7.314,0;2.875,5;0,0;0,0;0,0;7.735,8;1.992,6;29.571,5;0,0;0,0;0,0;6.224,2;3.734,4;18.795,3;0,0;0,0;0,0;0,0
KEF;EDI;0,0;0,0;0,0;0,0;0,0;8.652,7;13.777,3;2.820,7;0,0;0,0;0,0;67.719,5;14.539,3;349,6;0,0;0,0;0,0;740,1;2.490,2;7.524,6;0,0;0,0;0,0;9.298,0;1.221,3;7.424,3;0,0;0,0;0,0;0,0
KEF;OTP;0,0;0,0;0,0;0,0;0,0;19.482,7;94.444,0;541,8;0,0;0,0;0,0;2.294,7;8.774,8;3.710,5;0,0;0,0;0,0;1.197,4;7.148,2;21.160,4;0,0;0,0;0,0;44.201,0;6.908,3;20.072,5;0,0;0,0;0,0;0,0
KEF;HER;0,0;0,0;0,0;0,0;0,0;40.100,6;14.746,8;112,6;0,0;0,0;0,0;8.711,1;27.716,9;1.181,9;0,0;0,0;0,0;1.458,7;27.406,7;30.327,3;0,0;0,0;0,0;15.553,4;13.608,2;11.207,5;0,0;0,0;0,0;0,0
KEF;KEF;0,0;0,0;0,0;0,0;0,0;0,0;0,0;0,0;0,0;0,0;0,0;0,0;0,0;0,0;0,0;0,0;0,0;0,0;0,0;0,0;0,0;0,0;0,0;0,0;0,0;0,0;0,0;0,0;0,0;0,0
KEF;PMO;0,0;0,0;0,0;0,0;0,0;31.550,7;18.531,4;1.368,0;0,0;0,0;0,0;34.494,0;2.946,6;2.003,6;0,0;0,0;0,0;4.589,4;21.686,2;26.141,8;0,0;0,0;0,0;23.989,6;1.149,6;11.329,4;0,0;0,0;0,0;0,0
KEF;FNC;0,0;0,0;0,0;0,0;0,0;15.584,8;11.425,3;2.354,7;0,0;0,0;0,0;2.263,9;3.572,9;6.497,7;0,0;0,0;0,0;4.241,3;2.574,2;33.826,5;0,0;0,0;0,0;15.922,3;4.325,0;13.908,5;0,0;0,0;0,0;0,0
PMO;LHR;0,0;0,0;0,0;0,0;0,0;2.922,4;9.858,7;2.308,1;0,0;0,0;0,0;10.614,0;6.226,3;149,0;0,0;0,0;0,0;100.093,5;7.068,6;37.884,3;0,0;0,0;0,0;17.975,5;21.232,2;12.330,7;0,0;0,0;0,0;0,0
PMO;CDG;0,0;0,0;0,0;0,0;0,0;30.934,4;3.407,9;3.505,6;0,0;0,0;0,0;65.737,3;4.337,5;10.728,9;0,0;0,0;0,0;4.000,9;3.076,2;5.297,6;0,0;0,0;0,0;5.721,3;1.100,1;39.020,8;0,0;0,0;0,0;0,0
PMO;AMS;0,0;0,0;0,0;0,0;0,0;22.217,5;4.224,2;16.391,3;0,0;0,0;0,0;11.430,9;28.918,5;1.028,3;0,0;0,0;0,0;666,5;8.649,8;3.087,0;0,0;0,0;0,0;13.257,1;1.825,2;32.451,6;0,0;0,0;0,0;0,0
PMO;FRA;0,0;0,0;0,0;0,0;0,0;3.995,1;11.439,3;1.660,9;0,0;0,0;0,0;102,7;14.526,7;1.572,7;0,0;0,0;0,0;1.782,6;18.084,9;20.690,9;0,0;0,0;0,0;29.128,0;1.405,6;13.788,2;0,0;0,0;0,0;0,0
PMO;MAD;0,0;0,0;0,0;0,0;0,0;11.081,2;8.926,0;4.027,8;0,0;0,0;0,0;37.302,8;4.878,1;729,9;0,0;0,0;0,0;4.267,5;1.427,0;29.496,7;0,0;0,0;0,0;11.850,4;11.675,2;16.698,8;0,0;0,0;0,0;0,0
PMO;BCN;0,0;0,0;0,0;0,0;0,0;4.923,8;2.061,3;19.303,5;0,0;0,0;0,0;28.741,4;4.435,7;9.991,4;0,0;0,0;0,0;569,6;17.238,8;19.021,0;0,0;0,0;0,0;1.143,9;6.008,4;21.701,9;0,0;0,0;0,0;0,0
PMO;MUC;0,0;0,0;0,0;0,0;0,0;12.059,3;38.044,9;2.437,5;0,0;0,0;0,0;2.527,1;64.777,0;10.046,5;0,0;0,0;0,0;6.221,1;5.403,9;70.752,5;0,0;0,0;0,0;34.317,0;6.498,8;2.878,4;0,0;0,0;0,0;0,0
PMO;FCO;0,0;0,0;0,0;0,0;0,0;20.689,9;45.035,4;2.750,8;0,0;0,0;0,0;1.811,9;12.232,0;60,2;0,0;0,0;0,0;8.654,7;8.564,6;18.174,4;0,0;0,0;0,0;3.457,7;8.178,6;39.377,2;0,0;0,0;0,0;0,0
PMO;DUB;0,0;0,0;0,0;0,0;0,0;987,7;8.169,5;356,5;0,0;0,0;0,0;10.603,0;17.607,9;13.244,1;0,0;0,0;0,0;1.754,4;18.173,5;4.713,8;0,0;0,0;0,0;31.063,4;2.359,1;16.097,8;0,0;0,0;0,0;0,0
PMO;ARN;0,0;0,0;0,0;0,0;0,0;24.526,1;28.022,8;4.098,9;0,0;0,0;0,0;20.206,7;3.414,8;1.151,0;0,0;0,0;0,0;21.076,5;7.692,4;10.822,3;0,0;0,0;0,0;7.740,2;1.573,3;13.219,9;0,0;0,0;0,0;0,0
PMO;LIS;0,0;0,0;0,0;0,0;0,0;8.342,4;5.229,7;2.210,4;0,0;0,0;0,0;75.246,5;6.123,7;2.354,1;0,0;0,0;0,0;2.415,5;16.318,9;21.152,7;0,0;0,0;0,0;14.967,6;5.559,6;80.636,5;0,0;0,0;0,0;0,0
PMO;TXL;0,0;0,0;0,0;0,0;0,0;9.931,1;5.749,4;8.687,3;0,0;0,0;0,0;10.685,6;6.555,4;14.734,3;0,0;0,0;0,0;9.090,8;9.119,5;11.870,2;0,0;0,0;0,0;23.664,0;893,2;7.275,1;0,0;0,0;0,0;0,0
PMO;HEL;0,0;0,0;0,0;0,0;0,0;32.628,5;5.207,0;10.615,9;0,0;0,0;0,0;24.144,4;8.844,0;562,9;0,0;0,0;0,0;1.562,3;12.710,5;14.794,4;0,0;0,0;0,0;9.880,6;10.621,1;46.094,2;0,0;0,0;0,0;0,0
PMO;WAW;0,0;0,0;0,0;0,0;0,0;23.223,1;4.983,8;724,1;0,0;0,0;0,0;54.306,2;6.071,4;12.006,5;0,0;0,0;0,0;1.988,5;1.381,0;51.623,6;0,0;0,0;0,0;13.288,1;752,2;14.275,7;0,0;0,0;0,0;0,0
PMO;EDI;0,0;0,0;0,0;0,0;0,0;21.815,6;20.719,7;5.622,4;0,0;0,0;0,0;12.925,2;8.855,6;1.907,7;0,0;0,0;0,0;860,7;35.321,5;33.680,1;0,0;0,0;0,0;9.934,6;1.640,6;8.165,7;0,0;0,0;0,0;0,0
PMO;OTP;0,0;0,0;0,0;0,0;0,0;9.405,3;6.521,7;665,3;0,0;0,0;0,0;8.004,2;14.531,4;2.082,8;0,0;0,0;0,0;10.499,0;1.400,0;9.324,8;0,0;0,0;0,0;14.886,2;17.598,1;9.339,9;0,0;0,0;0,0;0,0
PMO;HER;0,0;0,0;0,0;0,0;0,0;716,4;8.868,3;1.987,3;0,0;0,0;0,0;5.845,1;6.647,9;10.321,2;0,0;0,0;0,0;5.636,4;21.579,2;3.402,2;0,0;0,0;0,0;9.783,0;193,2;1.502,9;0,0;0,0;0,0;0,0
PMO;KEF;0,0;0,0;0,0;0,0;0,0;1.991,8;32.336,3;1.880,6;0,0;0,0;0,0;22.825,8;9.387,8;5.190,6;0,0;0,0;0,0;14.452,5;712,1;9.809,0;0,0;0,0;0,0;21.233,5;3.062,5;6.878,9;0,0;0,0;0,0;0,0
PMO;PMO;0,0;0,0;0,0;0,0;0,0;0,0;0,0;0,0;0,0;0,0;0,0;0,0;0,0;0,0;0,0;0,0;0,0;0,0;0,0;0,0;0,0;0,0;0,0;0,0;0,0;0,0;0,0;0,0;0,0;0,0
PMO;FNC;0,0;0,0;0,0;0,0;0,0;20.265,1;5.999,2;13.607,8;0,0;0,0;0,0;26.528,2;29.487,4;2.107,5;0,0;0,0;0,0;2.220,3;18.819,8;14.206,0;0,0;0,0;0,0;9.517,0;6.070,1;15.057,4;0,0;0,0;0,0;0,0
FNC;LHR;0,0;0,0;0,0;0,0;0,0;11.023,8;56.987,7;4.905,5;0,0;0,0;0,0;46.345,1;1.463,2;3.645,0;0,0;0,0;0,0;2.207,3;10.197,0;27.436,3;0,0;0,0;0,0;8.731,4;33.081,6;236,8;0,0;0,0;0,0;0,0
FNC;CDG;0,0;0,0;0,0;0,0;0,0;30.097,9;14.983,0;5.495,2;0,0;0,0;0,0;28.216,2;8.899,5;5.203,6;0,0;0,0;0,0;1.608,6;5.216,0;11.773,7;0,0;0,0;0,0;16.296,4;4.477,0;8.318,3;0,0;0,0;0,0;0,0
FNC;AMS;0,0;0,0;0,0;0,0;0,0;9.988,1;27.332,3;12.534,0;0,0;0,0;0,0;16.031,8;8.032,4;5.570,3;0,0;0,0;0,0;4.173,7;2.933,7;21.203,6;0,0;0,0;0,0;22.955,1;11.456,5;12.338,1;0,0;0,0;0,0;0,0
FNC;FRA;0,0;0,0;0,0;0,0;0,0;3.738,5;22.254,0;7.406,8;0,0;0,0;0,0;30.613,2;6.419,1;895,4;0,0;0,0;0,0;6.391,9;2.333,6;4.875,9;0,0;0,0;0,0;24.484,2;2.269,2;8.382,0;0,0;0,0;0,0;0,0
FNC;MAD;0,0;0,0;0,0;0,0;0,0;5.173,0;103,6;8.481,6;0,0;0,0;0,0;9.148,4;819,3;19.637,9;0,0;0,0;0,0;14.515,0;27.736,7;2.614,0;0,0;0,0;0,0;35.224,7;1.471,5;38.882,0;0,0;0,0;0,0;0,0
FNC;BCN;0,0;0,0;0,0;0,0;0,0;1.612,4;15.649,1;2.987,8;0,0;0,0;0,0;9.002,7;2.595,6;271,0;0,0;0,0;0,0;4.106,2;9.547,5;21.141,0;0,0;0,0;0,0;28.406,7;2.760,8;17.559,6;0,0;0,0;0,0;0,0
FNC;MUC;0,0;0,0;0,0;0,0;0,0;10.656,5;1.168,7;1.531,6;0,0;0,0;0,0;26.886,1;10.083,9;8.745,7;0,0;0,0;0,0;7.801,7;14.297,4;22.039,0;0,0;0,0;0,0;8.485,2;206,7;28.030,5;0,0;0,0;0,0;0,0
FNC;FCO;0,0;0,0;0,0;0,0;0,0;8.229,9;2.947,3;1.228,3;0,0;0,0;0,0;35.408,4;7.646,5;1.219,3;0,0;0,0;0,0;7.023,5;7.284,7;87.002,5;0,0;0,0;0,0;22.588,2;1.298,2;1.620,6;0,0;0,0;0,0;0,0
FNC;DUB;0,0;0,0;0,0;0,0;0,0;3.764,8;7.159,2;2.282,9;0,0;0,0;0,0;22.845,4;17.756,8;1.059,0;0,0;0,0;0,0;6.343,2;260,0;61,3;0,0;0,0;0,0;42.586,1;6.671,9;5.682,7;0,0;0,0;0,0;0,0
FNC;ARN;0,0;0,0;0,0;0,0;0,0;5.561,6;23.462,3;3.467,4;0,0;0,0;0,0;8.551,3;4.911,7;6.894,5;0,0;0,0;0,0;9.135,9;16.712,6;883,8;0,0;0,0;0,0;70.293,6;605,4;18.312,8;0,0;0,0;0,0;0,0
FNC;LIS;0,0;0,0;0,0;0,0;0,0;5.708,1;35.080,2;1.466,9;0,0;0,0;0,0;6.913,1;4.711,4;2.766,6;0,0;0,0;0,0;1.368,2;12.893,7;7.533,9;0,0;0,0;0,0;9.226,7;2.900,4;6.836,3;0,0;0,0;0,0;0,0
FNC;TXL;0,0;0,0;0,0;0,0;0,0;2.670,9;14.085,9;6.885,8;0,0;0,0;0,0;18.417,5;3.989,7;7.146,3;0,0;0,0;0,0;14.483,8;1.009,8;9.392,5;0,0;0,0;0,0;14.275,8;3.674,3;7.919,1;0,0;0,0;0,0;0,0
FNC;HEL;0,0;0,0;0,0;0,0;0,0;18.670,4;6.927,5;9.590,3;0,0;0,0;0,0;10.360,1;1.971,5;16.628,2;0,0;0,0;0,0;38.179,9;7.823,2;23.446,7;0,0;0,0;0,0;34.624,5;1.276,9;11.078,8;0,0;0,0;0,0;0,0
FNC;WAW;0,0;0,0;0,0;0,0;0,0;6.856,4;19.692,6;1.532,1;0,0;0,0;0,0;34.503,7;19.097,3;2.064,3;0,0;0,0;0,0;12.236,6;4.191,6;25.144,6;0,0;0,0;0,0;3.362,2;934,9;3.569,7;0,0;0,0;0,0;0,0
FNC;EDI;0,0;0,0;0,0;0,0;0,0;2.731,4;21.434,6;1.280,9;0,0;0,0;0,0;4.845,8;12.043,7;5.116,3;0,0;0,0;0,0;4.773,8;7.266,5;37.994,9;0,0;0,0;0,0;7.752,4;5.585,2;10.623,1;0,0;0,0;0,0;0,0
FNC;OTP;0,0;0,0;0,0;0,0;0,0;12.434,3;3.487,0;5.743,8;0,0;0,0;0,0;11.030,7;3.005,8;1.085,4;0,0;0,0;0,0;2.214,5;39.019,9;5.628,9;0,0;0,0;0,0;35.383,6;13.905,0;30.590,1;0,0;0,0;0,0;0,0
FNC;HER;0,0;0,0;0,0;0,0;0,0;9.409,2;10.081,0;8.800,3;0,0;0,0;0,0;2.293,7;9.241,2;2.048,4;0,0;0,0;0,0;412,3;5.993,3;14.519,0;0,0;0,0;0,0;3.854,9;28.930,1;12.016,6;0,0;0,0;0,0;0,0
FNC;KEF;0,0;0,0;0,0;0,0;0,0;42.532,4;8.812,3;6.095,2;0,0;0,0;0,0;9.303,5;485,0;3.385,4;0,0;0,0;0,0;5.224,3;2.505,5;12.697,8;0,0;0,0;0,0;16.842,5;30.639,5;37.976,1;0,0;0,0;0,0;0,0
FNC;PMO;0,0;0,0;0,0;0,0;0,0;15.268,5;10.915,2;926,1;0,0;0,0;0,0;45.719,0;18.104,4;2.862,9;0,0;0,0;0,0;616,2;2.554,0;57.341,9;0,0;0,0;0,0;9.332,6;3.205,6;6.251,8;0,0;0,0;0,0;0,0
FNC;FNC;0,0;0,0;0,0;0,0;0,0;0,0;0,0;0,0;0,0;0,0;0,0;0,0;0,0;0,0;0,0;0,0;0,0;0,0;0,0;0,0;0,0;0,0;0,0;0,0;0,0;0,0;0,0;0,0;0,0;0,0
